transaction_id,account_from,account_to,iban_from,iban_to,amount,currency,transaction_ts,branch_id,channel,customer_document,card_number,updated_at,cdc_operation,_source_name,_source_file,_source_row
TXN-20260825-000081,ACC-100080,ACC-700080,PE54FINA0000000000100080,PE16FINA0000000000700080,10886.4,USD,2026-08-25T08:40:00-05:00,AQP001,ATM,70000080,4556000000000080,2026-08-25T08:41:00-05:00,I,atm_AQP001,atm_AQP001.csv,2
TXN-20260825-000082,ACC-100081,ACC-700081,PE55FINA0000000000100081,PE17FINA0000000000700081,6496.32,PEN,2026-08-25T08:42:00-05:00,AQP001,ATM,70000081,4556000000000081,2026-08-25T08:43:00-05:00,I,atm_AQP001,atm_AQP001.csv,3
TXN-20260825-000083,ACC-100082,ACC-700082,PE56FINA0000000000100082,PE18FINA0000000000700082,2414.94,PEN,2026-08-25T08:44:00-05:00,AQP001,ATM,70000082,4556000000000082,2026-08-25T08:45:00-05:00,I,atm_AQP001,atm_AQP001.csv,4
TXN-20260825-000084,ACC-100083,ACC-700083,PE57FINA0000000000100083,PE19FINA0000000000700083,4102.43,PEN,2026-08-25T08:46:00-05:00,AQP001,ATM,70000083,4556000000000083,2026-08-25T08:47:00-05:00,I,atm_AQP001,atm_AQP001.csv,5
TXN-20260825-000085,ACC-100084,ACC-700084,PE58FINA0000000000100084,PE20FINA0000000000700084,11173.5,PEN,2026-08-25T08:48:00-05:00,AQP001,ATM,70000084,4556000000000084,2026-08-25T08:49:00-05:00,I,atm_AQP001,atm_AQP001.csv,6
TXN-20260825-000086,ACC-100085,ACC-700085,PE59FINA0000000000100085,PE21FINA0000000000700085,10036.08,PEN,2026-08-25T08:50:00-05:00,AQP001,ATM,70000085,4556000000000085,2026-08-25T08:51:00-05:00,I,atm_AQP001,atm_AQP001.csv,7
TXN-20260825-000087,ACC-100086,ACC-700086,PE60FINA0000000000100086,PE22FINA0000000000700086,2039.07,PEN,2026-08-25T08:52:00-05:00,AQP001,ATM,70000086,4556000000000086,2026-08-25T08:53:00-05:00,I,atm_AQP001,atm_AQP001.csv,8
TXN-20260825-000088,ACC-100087,ACC-700087,PE61FINA0000000000100087,PE23FINA0000000000700087,7485.84,PEN,2026-08-25T08:54:00-05:00,AQP001,ATM,70000087,4556000000000087,2026-08-25T08:55:00-05:00,I,atm_AQP001,atm_AQP001.csv,9
TXN-20260825-000089,ACC-100088,ACC-700088,PE62FINA0000000000100088,PE24FINA0000000000700088,10321.93,PEN,2026-08-25T08:56:00-05:00,AQP001,ATM,70000088,4556000000000088,2026-08-25T08:57:00-05:00,I,atm_AQP001,atm_AQP001.csv,10
TXN-20260825-000090,ACC-100089,ACC-700089,PE63FINA0000000000100089,PE25FINA0000000000700089,15762.8,PEN,2026-08-25T08:58:00-05:00,AQP001,ATM,70000089,4556000000000089,2026-08-25T08:59:00-05:00,I,atm_AQP001,atm_AQP001.csv,11
TXN-20260825-000091,ACC-100090,ACC-700090,PE64FINA0000000000100090,PE26FINA0000000000700090,19498.57,USD,2026-08-25T09:00:00-05:00,AQP001,ATM,70000090,4556000000000090,2026-08-25T09:01:00-05:00,I,atm_AQP001,atm_AQP001.csv,12
TXN-20260825-000092,ACC-100091,ACC-700091,PE65FINA0000000000100091,PE27FINA0000000000700091,5691.46,PEN,2026-08-25T09:02:00-05:00,AQP001,ATM,70000091,4556000000000091,2026-08-25T09:03:00-05:00,I,atm_AQP001,atm_AQP001.csv,13
TXN-20260825-000093,ACC-100092,ACC-700092,PE66FINA0000000000100092,PE28FINA0000000000700092,13445.42,PEN,2026-08-25T09:04:00-05:00,AQP001,ATM,70000092,4556000000000092,2026-08-25T09:05:00-05:00,I,atm_AQP001,atm_AQP001.csv,14
TXN-20260825-000094,ACC-100093,ACC-700093,PE67FINA0000000000100093,PE29FINA0000000000700093,10508.84,PEN,2026-08-25T09:06:00-05:00,AQP001,ATM,70000093,4556000000000093,2026-08-25T09:07:00-05:00,I,atm_AQP001,atm_AQP001.csv,15
TXN-20260825-000095,ACC-100094,ACC-700094,PE68FINA0000000000100094,PE30FINA0000000000700094,8021.36,PEN,2026-08-25T09:08:00-05:00,AQP001,ATM,70000094,4556000000000094,2026-08-25T09:09:00-05:00,I,atm_AQP001,atm_AQP001.csv,16
TXN-20260825-000096,ACC-100095,ACC-700095,PE69FINA0000000000100095,PE31FINA0000000000700095,16737.44,PEN,2026-08-25T09:10:00-05:00,AQP001,ATM,70000095,4556000000000095,2026-08-25T09:11:00-05:00,I,atm_AQP001,atm_AQP001.csv,17
TXN-20260825-000097,ACC-100096,ACC-700096,PE70FINA0000000000100096,PE32FINA0000000000700096,15371.01,PEN,2026-08-25T09:12:00-05:00,AQP001,ATM,70000096,4556000000000096,2026-08-25T09:13:00-05:00,I,atm_AQP001,atm_AQP001.csv,18
TXN-20260825-000098,ACC-100097,ACC-700097,PE71FINA0000000000100097,PE33FINA0000000000700097,14729.27,PEN,2026-08-25T09:14:00-05:00,AQP001,ATM,70000097,4556000000000097,2026-08-25T09:15:00-05:00,I,atm_AQP001,atm_AQP001.csv,19
TXN-20260825-000099,ACC-100098,ACC-700098,PE72FINA0000000000100098,PE34FINA0000000000700098,5083.37,PEN,2026-08-25T09:16:00-05:00,AQP001,ATM,70000098,4556000000000098,2026-08-25T09:17:00-05:00,I,atm_AQP001,atm_AQP001.csv,20
TXN-20260825-000100,ACC-100099,ACC-700099,PE73FINA0000000000100099,PE35FINA0000000000700099,18796.01,PEN,2026-08-25T09:18:00-05:00,AQP001,ATM,70000099,4556000000000099,2026-08-25T09:19:00-05:00,I,atm_AQP001,atm_AQP001.csv,21
TXN-20260825-000101,ACC-100100,ACC-700100,PE74FINA0000000000100100,PE36FINA0000000000700100,13180.1,USD,2026-08-25T09:20:00-05:00,AQP001,ATM,70000100,4556000000000100,2026-08-25T09:21:00-05:00,I,atm_AQP001,atm_AQP001.csv,22
TXN-20260825-000102,ACC-100101,ACC-700101,PE75FINA0000000000100101,PE37FINA0000000000700101,23775.54,PEN,2026-08-25T09:22:00-05:00,AQP001,ATM,70000101,4556000000000101,2026-08-25T09:23:00-05:00,I,atm_AQP001,atm_AQP001.csv,23
TXN-20260825-000103,ACC-100102,ACC-700102,PE76FINA0000000000100102,PE38FINA0000000000700102,22215.34,PEN,2026-08-25T09:24:00-05:00,AQP001,ATM,70000102,4556000000000102,2026-08-25T09:25:00-05:00,I,atm_AQP001,atm_AQP001.csv,24
TXN-20260825-000104,ACC-100103,ACC-700103,PE77FINA0000000000100103,PE39FINA0000000000700103,14308.14,PEN,2026-08-25T09:26:00-05:00,AQP001,ATM,70000103,4556000000000103,2026-08-25T09:27:00-05:00,I,atm_AQP001,atm_AQP001.csv,25
TXN-20260825-000105,ACC-100104,ACC-700104,PE78FINA0000000000100104,PE40FINA0000000000700104,5034.4,PEN,2026-08-25T09:28:00-05:00,AQP001,ATM,70000104,4556000000000104,2026-08-25T09:29:00-05:00,I,atm_AQP001,atm_AQP001.csv,26
TXN-20260825-000106,ACC-100105,ACC-700105,PE79FINA0000000000100105,PE41FINA0000000000700105,21548.53,PEN,2026-08-25T09:30:00-05:00,AQP001,ATM,70000105,4556000000000105,2026-08-25T09:31:00-05:00,I,atm_AQP001,atm_AQP001.csv,27
TXN-20260825-000107,ACC-100106,ACC-700106,PE80FINA0000000000100106,PE42FINA0000000000700106,22172.39,PEN,2026-08-25T09:32:00-05:00,AQP001,ATM,70000106,4556000000000106,2026-08-25T09:33:00-05:00,I,atm_AQP001,atm_AQP001.csv,28
TXN-20260825-000108,ACC-100107,ACC-700107,PE81FINA0000000000100107,PE43FINA0000000000700107,18342.69,PEN,2026-08-25T09:34:00-05:00,AQP001,ATM,70000107,4556000000000107,2026-08-25T09:35:00-05:00,I,atm_AQP001,atm_AQP001.csv,29
TXN-20260825-000109,ACC-100108,ACC-700108,PE82FINA0000000000100108,PE44FINA0000000000700108,19187.87,PEN,2026-08-25T09:36:00-05:00,AQP001,ATM,70000108,4556000000000108,2026-08-25T09:37:00-05:00,I,atm_AQP001,atm_AQP001.csv,30
TXN-20260825-000110,ACC-100109,ACC-700109,PE83FINA0000000000100109,PE45FINA0000000000700109,3742.0,PEN,2026-08-25T09:38:00-05:00,AQP001,ATM,70000109,4556000000000109,2026-08-25T09:39:00-05:00,I,atm_AQP001,atm_AQP001.csv,31
TXN-20260825-000111,ACC-100110,ACC-700110,PE84FINA0000000000100110,PE46FINA0000000000700110,8139.93,USD,2026-08-25T09:40:00-05:00,AQP001,ATM,70000110,4556000000000110,2026-08-25T09:41:00-05:00,I,atm_AQP001,atm_AQP001.csv,32
TXN-20260825-000112,ACC-100111,ACC-700111,PE85FINA0000000000100111,PE47FINA0000000000700111,24486.8,PEN,2026-08-25T09:42:00-05:00,AQP001,ATM,70000111,4556000000000111,2026-08-25T09:43:00-05:00,I,atm_AQP001,atm_AQP001.csv,33
TXN-20260825-000113,ACC-100112,ACC-700112,PE86FINA0000000000100112,PE48FINA0000000000700112,23270.21,PEN,2026-08-25T09:44:00-05:00,AQP001,ATM,70000112,4556000000000112,2026-08-25T09:45:00-05:00,I,atm_AQP001,atm_AQP001.csv,34
TXN-20260825-000114,ACC-100113,ACC-700113,PE87FINA0000000000100113,PE49FINA0000000000700113,11978.15,PEN,2026-08-25T09:46:00-05:00,AQP001,ATM,70000113,4556000000000113,2026-08-25T09:47:00-05:00,I,atm_AQP001,atm_AQP001.csv,35
TXN-20260825-000115,ACC-100114,ACC-700114,PE88FINA0000000000100114,PE50FINA0000000000700114,6497.97,PEN,2026-08-25T09:48:00-05:00,AQP001,ATM,70000114,4556000000000114,2026-08-25T09:49:00-05:00,I,atm_AQP001,atm_AQP001.csv,36
TXN-20260825-000116,ACC-100115,ACC-700115,PE89FINA0000000000100115,PE51FINA0000000000700115,12475.39,PEN,2026-08-25T09:50:00-05:00,AQP001,ATM,70000115,4556000000000115,2026-08-25T09:51:00-05:00,I,atm_AQP001,atm_AQP001.csv,37
TXN-20260825-000117,ACC-100116,ACC-700116,PE90FINA0000000000100116,PE52FINA0000000000700116,5316.14,PEN,2026-08-25T09:52:00-05:00,AQP001,ATM,70000116,4556000000000116,2026-08-25T09:53:00-05:00,I,atm_AQP001,atm_AQP001.csv,38
TXN-20260825-000118,ACC-100117,ACC-700117,PE91FINA0000000000100117,PE53FINA0000000000700117,6762.86,PEN,2026-08-25T09:54:00-05:00,AQP001,ATM,70000117,4556000000000117,2026-08-25T09:55:00-05:00,I,atm_AQP001,atm_AQP001.csv,39
TXN-20260825-000119,ACC-100118,ACC-700118,PE92FINA0000000000100118,PE54FINA0000000000700118,17205.01,PEN,2026-08-25T09:56:00-05:00,AQP001,ATM,70000118,4556000000000118,2026-08-25T09:57:00-05:00,I,atm_AQP001,atm_AQP001.csv,40
TXN-20260825-000120,ACC-100119,ACC-700119,PE93FINA0000000000100119,PE55FINA0000000000700119,3701.46,PEN,2026-08-25T09:58:00-05:00,AQP001,ATM,70000119,4556000000000119,2026-08-25T09:59:00-05:00,I,atm_AQP001,atm_AQP001.csv,41
TXN-20260825-000121,ACC-100120,ACC-700120,PE94FINA0000000000100120,PE56FINA0000000000700120,21478.4,USD,2026-08-25T10:00:00-05:00,AQP001,ATM,70000120,4556000000000120,2026-08-25T10:01:00-05:00,I,atm_AQP001,atm_AQP001.csv,42
TXN-20260825-000122,ACC-100121,ACC-700121,PE95FINA0000000000100121,PE57FINA0000000000700121,1403.44,PEN,2026-08-25T10:02:00-05:00,AQP001,ATM,70000121,4556000000000121,2026-08-25T10:03:00-05:00,I,atm_AQP001,atm_AQP001.csv,43
TXN-20260825-000123,ACC-100122,ACC-700122,PE96FINA0000000000100122,PE58FINA0000000000700122,3035.74,PEN,2026-08-25T10:04:00-05:00,AQP001,ATM,70000122,4556000000000122,2026-08-25T10:05:00-05:00,I,atm_AQP001,atm_AQP001.csv,44
TXN-20260825-000124,ACC-100123,ACC-700123,PE97FINA0000000000100123,PE59FINA0000000000700123,4823.69,PEN,2026-08-25T10:06:00-05:00,AQP001,ATM,70000123,4556000000000123,2026-08-25T10:07:00-05:00,I,atm_AQP001,atm_AQP001.csv,45
TXN-20260825-000125,ACC-100124,ACC-700124,PE98FINA0000000000100124,PE60FINA0000000000700124,8837.92,PEN,2026-08-25T10:08:00-05:00,AQP001,ATM,70000124,4556000000000124,2026-08-25T10:09:00-05:00,I,atm_AQP001,atm_AQP001.csv,46
TXN-20260825-000126,ACC-100125,ACC-700125,PE10FINA0000000000100125,PE61FINA0000000000700125,14636.4,PEN,2026-08-25T10:10:00-05:00,AQP001,ATM,70000125,4556000000000125,2026-08-25T10:11:00-05:00,I,atm_AQP001,atm_AQP001.csv,47
TXN-20260825-000127,ACC-100126,ACC-700126,PE11FINA0000000000100126,PE62FINA0000000000700126,23362.94,PEN,2026-08-25T10:12:00-05:00,AQP001,ATM,70000126,4556000000000126,2026-08-25T10:13:00-05:00,I,atm_AQP001,atm_AQP001.csv,48
TXN-20260825-000128,ACC-100127,ACC-700127,PE12FINA0000000000100127,PE63FINA0000000000700127,519.44,PEN,2026-08-25T10:14:00-05:00,AQP001,ATM,70000127,4556000000000127,2026-08-25T10:15:00-05:00,I,atm_AQP001,atm_AQP001.csv,49
TXN-20260825-000129,ACC-100128,ACC-700128,PE13FINA0000000000100128,PE64FINA0000000000700128,11477.4,PEN,2026-08-25T10:16:00-05:00,AQP001,ATM,70000128,4556000000000128,2026-08-25T10:17:00-05:00,I,atm_AQP001,atm_AQP001.csv,50
TXN-20260825-000130,ACC-100129,ACC-700129,PE14FINA0000000000100129,PE65FINA0000000000700129,19790.46,PEN,2026-08-25T10:18:00-05:00,AQP001,ATM,70000129,4556000000000129,2026-08-25T10:19:00-05:00,I,atm_AQP001,atm_AQP001.csv,51
TXN-20260825-000131,ACC-100130,ACC-700130,PE15FINA0000000000100130,PE66FINA0000000000700130,16451.98,USD,2026-08-25T10:20:00-05:00,AQP001,ATM,70000130,4556000000000130,2026-08-25T10:21:00-05:00,I,atm_AQP001,atm_AQP001.csv,52
TXN-20260825-000132,ACC-100131,ACC-700131,PE16FINA0000000000100131,PE67FINA0000000000700131,17518.13,PEN,2026-08-25T10:22:00-05:00,AQP001,ATM,70000131,4556000000000131,2026-08-25T10:23:00-05:00,I,atm_AQP001,atm_AQP001.csv,53
TXN-20260825-000133,ACC-100132,ACC-700132,PE17FINA0000000000100132,PE68FINA0000000000700132,3172.57,PEN,2026-08-25T10:24:00-05:00,AQP001,ATM,70000132,4556000000000132,2026-08-25T10:25:00-05:00,I,atm_AQP001,atm_AQP001.csv,54
TXN-20260825-000134,ACC-100133,ACC-700133,PE18FINA0000000000100133,PE69FINA0000000000700133,22208.09,PEN,2026-08-25T10:26:00-05:00,AQP001,ATM,70000133,4556000000000133,2026-08-25T10:27:00-05:00,I,atm_AQP001,atm_AQP001.csv,55
TXN-20260825-000135,ACC-100134,ACC-700134,PE19FINA0000000000100134,PE70FINA0000000000700134,21568.45,PEN,2026-08-25T10:28:00-05:00,AQP001,ATM,70000134,4556000000000134,2026-08-25T10:29:00-05:00,I,atm_AQP001,atm_AQP001.csv,56
TXN-20260825-000136,ACC-100135,ACC-700135,PE20FINA0000000000100135,PE71FINA0000000000700135,18381.96,PEN,2026-08-25T10:30:00-05:00,AQP001,ATM,70000135,4556000000000135,2026-08-25T10:31:00-05:00,I,atm_AQP001,atm_AQP001.csv,57
TXN-20260825-000137,ACC-100136,ACC-700136,PE21FINA0000000000100136,PE72FINA0000000000700136,20452.51,PEN,2026-08-25T10:32:00-05:00,AQP001,ATM,70000136,4556000000000136,2026-08-25T10:33:00-05:00,I,atm_AQP001,atm_AQP001.csv,58
TXN-20260825-000138,ACC-100137,ACC-700137,PE22FINA0000000000100137,PE73FINA0000000000700137,23711.84,PEN,2026-08-25T10:34:00-05:00,AQP001,ATM,70000137,4556000000000137,2026-08-25T10:35:00-05:00,I,atm_AQP001,atm_AQP001.csv,59
TXN-20260825-000139,ACC-100138,ACC-700138,PE23FINA0000000000100138,PE74FINA0000000000700138,5462.23,PEN,2026-08-25T10:36:00-05:00,AQP001,ATM,70000138,4556000000000138,2026-08-25T10:37:00-05:00,I,atm_AQP001,atm_AQP001.csv,60
TXN-20260825-000140,ACC-100139,ACC-700139,PE24FINA0000000000100139,PE75FINA0000000000700139,6118.87,PEN,2026-08-25T10:38:00-05:00,AQP001,ATM,70000139,4556000000000139,2026-08-25T10:39:00-05:00,I,atm_AQP001,atm_AQP001.csv,61
TXN-20260825-000141,ACC-100140,ACC-700140,PE25FINA0000000000100140,PE76FINA0000000000700140,20136.87,USD,2026-08-25T10:40:00-05:00,AQP001,ATM,70000140,4556000000000140,2026-08-25T10:41:00-05:00,I,atm_AQP001,atm_AQP001.csv,62
TXN-20260825-000142,ACC-100141,ACC-700141,PE26FINA0000000000100141,PE77FINA0000000000700141,16192.5,PEN,2026-08-25T10:42:00-05:00,AQP001,ATM,70000141,4556000000000141,2026-08-25T10:43:00-05:00,I,atm_AQP001,atm_AQP001.csv,63
TXN-20260825-000143,ACC-100142,ACC-700142,PE27FINA0000000000100142,PE78FINA0000000000700142,19189.44,PEN,2026-08-25T10:44:00-05:00,AQP001,ATM,70000142,4556000000000142,2026-08-25T10:45:00-05:00,I,atm_AQP001,atm_AQP001.csv,64
TXN-20260825-000144,ACC-100143,ACC-700143,PE28FINA0000000000100143,PE79FINA0000000000700143,15475.35,PEN,2026-08-25T10:46:00-05:00,AQP001,ATM,70000143,4556000000000143,2026-08-25T10:47:00-05:00,I,atm_AQP001,atm_AQP001.csv,65
TXN-20260825-000145,ACC-100144,ACC-700144,PE29FINA0000000000100144,PE80FINA0000000000700144,18823.42,PEN,2026-08-25T10:48:00-05:00,AQP001,ATM,70000144,4556000000000144,2026-08-25T10:49:00-05:00,I,atm_AQP001,atm_AQP001.csv,66
TXN-20260825-000146,ACC-100145,ACC-700145,PE30FINA0000000000100145,PE81FINA0000000000700145,13318.83,PEN,2026-08-25T10:50:00-05:00,AQP001,ATM,70000145,4556000000000145,2026-08-25T10:51:00-05:00,I,atm_AQP001,atm_AQP001.csv,67
TXN-20260825-000147,ACC-100146,ACC-700146,PE31FINA0000000000100146,PE82FINA0000000000700146,1730.86,PEN,2026-08-25T10:52:00-05:00,AQP001,ATM,70000146,4556000000000146,2026-08-25T10:53:00-05:00,I,atm_AQP001,atm_AQP001.csv,68
TXN-20260825-000148,ACC-100147,ACC-700147,PE32FINA0000000000100147,PE83FINA0000000000700147,17137.06,PEN,2026-08-25T10:54:00-05:00,AQP001,ATM,70000147,4556000000000147,2026-08-25T10:55:00-05:00,I,atm_AQP001,atm_AQP001.csv,69
TXN-20260825-000149,ACC-100148,ACC-700148,PE33FINA0000000000100148,PE84FINA0000000000700148,10272.28,PEN,2026-08-25T10:56:00-05:00,AQP001,ATM,70000148,4556000000000148,2026-08-25T10:57:00-05:00,I,atm_AQP001,atm_AQP001.csv,70
TXN-20260825-000150,ACC-100149,ACC-700149,PE34FINA0000000000100149,PE85FINA0000000000700149,13828.87,PEN,2026-08-25T10:58:00-05:00,AQP001,ATM,70000149,4556000000000149,2026-08-25T10:59:00-05:00,I,atm_AQP001,atm_AQP001.csv,71
TXN-20260825-000151,ACC-100150,ACC-700150,PE35FINA0000000000100150,PE86FINA0000000000700150,13074.82,USD,2026-08-25T11:00:00-05:00,AQP001,ATM,70000150,4556000000000150,2026-08-25T11:01:00-05:00,I,atm_AQP001,atm_AQP001.csv,72
TXN-20260825-000152,ACC-100151,ACC-700151,PE36FINA0000000000100151,PE87FINA0000000000700151,13872.01,PEN,2026-08-25T11:02:00-05:00,AQP001,ATM,70000151,4556000000000151,2026-08-25T11:03:00-05:00,I,atm_AQP001,atm_AQP001.csv,73
TXN-20260825-000153,ACC-100152,ACC-700152,PE37FINA0000000000100152,PE88FINA0000000000700152,12184.34,PEN,2026-08-25T11:04:00-05:00,AQP001,ATM,70000152,4556000000000152,2026-08-25T11:05:00-05:00,I,atm_AQP001,atm_AQP001.csv,74
TXN-20260825-000154,ACC-100153,ACC-700153,PE38FINA0000000000100153,PE89FINA0000000000700153,1779.24,PEN,2026-08-25T11:06:00-05:00,AQP001,ATM,70000153,4556000000000153,2026-08-25T11:07:00-05:00,I,atm_AQP001,atm_AQP001.csv,75
TXN-20260825-000155,ACC-100154,ACC-700154,PE39FINA0000000000100154,PE90FINA0000000000700154,8042.1,PEN,2026-08-25T11:08:00-05:00,AQP001,ATM,70000154,4556000000000154,2026-08-25T11:09:00-05:00,I,atm_AQP001,atm_AQP001.csv,76
TXN-20260825-000156,ACC-100155,ACC-700155,PE40FINA0000000000100155,PE91FINA0000000000700155,16994.5,PEN,2026-08-25T11:10:00-05:00,AQP001,ATM,70000155,4556000000000155,2026-08-25T11:11:00-05:00,I,atm_AQP001,atm_AQP001.csv,77
TXN-20260825-000157,ACC-100156,ACC-700156,PE41FINA0000000000100156,PE92FINA0000000000700156,23902.4,PEN,2026-08-25T11:12:00-05:00,AQP001,ATM,70000156,4556000000000156,2026-08-25T11:13:00-05:00,I,atm_AQP001,atm_AQP001.csv,78
TXN-20260825-000158,ACC-100157,ACC-700157,PE42FINA0000000000100157,PE93FINA0000000000700157,17661.03,PEN,2026-08-25T11:14:00-05:00,AQP001,ATM,70000157,4556000000000157,2026-08-25T11:15:00-05:00,I,atm_AQP001,atm_AQP001.csv,79
TXN-20260825-000159,ACC-100158,ACC-700158,PE43FINA0000000000100158,PE94FINA0000000000700158,8306.44,PEN,2026-08-25T11:16:00-05:00,AQP001,ATM,70000158,4556000000000158,2026-08-25T11:17:00-05:00,I,atm_AQP001,atm_AQP001.csv,80
TXN-20260825-000160,ACC-100159,ACC-700159,PE44FINA0000000000100159,PE95FINA0000000000700159,16351.57,PEN,2026-08-25T11:18:00-05:00,AQP001,ATM,70000159,4556000000000159,2026-08-25T11:19:00-05:00,I,atm_AQP001,atm_AQP001.csv,81
TXN-20260825-000001,ACC-100000,ACC-700000,PE63FINA0000000000100000,PE25FINA0000000000700000,18814.23,USD,2026-08-25T06:00:00-05:00,LIM001,ATM,70000000,4556000000000000,2026-08-25T06:01:00-05:00,I,atm_LIM001,atm_LIM001.csv,2
TXN-20260825-000002,ACC-100001,ACC-700001,PE64FINA0000000000100001,PE26FINA0000000000700001,12500.73,PEN,2026-08-25T06:02:00-05:00,LIM001,ATM,70000001,4556000000000001,2026-08-25T06:03:00-05:00,I,atm_LIM001,atm_LIM001.csv,3
TXN-20260825-000003,ACC-100002,ACC-700002,PE65FINA0000000000100002,PE27FINA0000000000700002,10743.76,PEN,2026-08-25T06:04:00-05:00,LIM001,ATM,70000002,4556000000000002,2026-08-25T06:05:00-05:00,I,atm_LIM001,atm_LIM001.csv,4
TXN-20260825-000004,ACC-100003,ACC-700003,PE66FINA0000000000100003,PE28FINA0000000000700003,11246.33,PEN,2026-08-25T06:06:00-05:00,LIM001,ATM,70000003,4556000000000003,2026-08-25T06:07:00-05:00,I,atm_LIM001,atm_LIM001.csv,5
TXN-20260825-000005,ACC-100004,ACC-700004,PE67FINA0000000000100004,PE29FINA0000000000700004,934.24,PEN,2026-08-25T06:08:00-05:00,LIM001,ATM,70000004,4556000000000004,2026-08-25T06:09:00-05:00,I,atm_LIM001,atm_LIM001.csv,6
TXN-20260825-000006,ACC-100005,ACC-700005,PE68FINA0000000000100005,PE30FINA0000000000700005,2849.46,PEN,2026-08-25T06:10:00-05:00,LIM001,ATM,70000005,4556000000000005,2026-08-25T06:11:00-05:00,I,atm_LIM001,atm_LIM001.csv,7
TXN-20260825-000007,ACC-100006,ACC-700006,PE69FINA0000000000100006,PE31FINA0000000000700006,19297.74,PEN,2026-08-25T06:12:00-05:00,LIM001,ATM,70000006,4556000000000006,2026-08-25T06:13:00-05:00,I,atm_LIM001,atm_LIM001.csv,8
TXN-20260825-000008,ACC-100007,ACC-700007,PE70FINA0000000000100007,PE32FINA0000000000700007,22769.92,PEN,2026-08-25T06:14:00-05:00,LIM001,ATM,70000007,4556000000000007,2026-08-25T06:15:00-05:00,I,atm_LIM001,atm_LIM001.csv,9
TXN-20260825-000009,ACC-100008,ACC-700008,PE71FINA0000000000100008,PE33FINA0000000000700008,22256.84,PEN,2026-08-25T06:16:00-05:00,LIM001,ATM,70000008,4556000000000008,2026-08-25T06:17:00-05:00,I,atm_LIM001,atm_LIM001.csv,10
TXN-20260825-000010,ACC-100009,ACC-700009,PE72FINA0000000000100009,PE34FINA0000000000700009,3993.7,PEN,2026-08-25T06:18:00-05:00,LIM001,ATM,70000009,4556000000000009,2026-08-25T06:19:00-05:00,I,atm_LIM001,atm_LIM001.csv,11
TXN-20260825-000011,ACC-100010,ACC-700010,PE73FINA0000000000100010,PE35FINA0000000000700010,23932.75,USD,2026-08-25T06:20:00-05:00,LIM001,ATM,70000010,4556000000000010,2026-08-25T06:21:00-05:00,I,atm_LIM001,atm_LIM001.csv,12
TXN-20260825-000012,ACC-100011,ACC-700011,PE74FINA0000000000100011,PE36FINA0000000000700011,3538.88,PEN,2026-08-25T06:22:00-05:00,LIM001,ATM,70000011,4556000000000011,2026-08-25T06:23:00-05:00,I,atm_LIM001,atm_LIM001.csv,13
TXN-20260825-000013,ACC-100012,ACC-700012,PE75FINA0000000000100012,PE37FINA0000000000700012,12101.04,PEN,2026-08-25T06:24:00-05:00,LIM001,ATM,70000012,4556000000000012,2026-08-25T06:25:00-05:00,I,atm_LIM001,atm_LIM001.csv,14
TXN-20260825-000014,ACC-100013,ACC-700013,PE76FINA0000000000100013,PE38FINA0000000000700013,11365.57,PEN,2026-08-25T06:26:00-05:00,LIM001,ATM,70000013,4556000000000013,2026-08-25T06:27:00-05:00,I,atm_LIM001,atm_LIM001.csv,15
TXN-20260825-000015,ACC-100014,ACC-700014,PE77FINA0000000000100014,PE39FINA0000000000700014,15703.14,PEN,2026-08-25T06:28:00-05:00,LIM001,ATM,70000014,4556000000000014,2026-08-25T06:29:00-05:00,I,atm_LIM001,atm_LIM001.csv,16
TXN-20260825-000016,ACC-100015,ACC-700015,PE78FINA0000000000100015,PE40FINA0000000000700015,6314.86,PEN,2026-08-25T06:30:00-05:00,LIM001,ATM,70000015,4556000000000015,2026-08-25T06:31:00-05:00,I,atm_LIM001,atm_LIM001.csv,17
TXN-20260825-000017,ACC-100016,ACC-700016,PE79FINA0000000000100016,PE41FINA0000000000700016,16388.79,PEN,2026-08-25T06:32:00-05:00,LIM001,ATM,70000016,4556000000000016,2026-08-25T06:33:00-05:00,I,atm_LIM001,atm_LIM001.csv,18
TXN-20260825-000018,ACC-100017,ACC-700017,PE80FINA0000000000100017,PE42FINA0000000000700017,19233.73,PEN,2026-08-25T06:34:00-05:00,LIM001,ATM,70000017,4556000000000017,2026-08-25T06:35:00-05:00,I,atm_LIM001,atm_LIM001.csv,19
TXN-20260825-000019,ACC-100018,ACC-700018,PE81FINA0000000000100018,PE43FINA0000000000700018,19403.24,PEN,2026-08-25T06:36:00-05:00,LIM001,ATM,70000018,4556000000000018,2026-08-25T06:37:00-05:00,I,atm_LIM001,atm_LIM001.csv,20
TXN-20260825-000020,ACC-100019,ACC-700019,PE82FINA0000000000100019,PE44FINA0000000000700019,5264.49,PEN,2026-08-25T06:38:00-05:00,LIM001,ATM,70000019,4556000000000019,2026-08-25T06:39:00-05:00,I,atm_LIM001,atm_LIM001.csv,21
TXN-20260825-000021,ACC-100020,ACC-700020,PE83FINA0000000000100020,PE45FINA0000000000700020,8732.36,USD,2026-08-25T06:40:00-05:00,LIM001,ATM,70000020,4556000000000020,2026-08-25T06:41:00-05:00,I,atm_LIM001,atm_LIM001.csv,22
TXN-20260825-000022,ACC-100021,ACC-700021,PE84FINA0000000000100021,PE46FINA0000000000700021,9016.08,PEN,2026-08-25T06:42:00-05:00,LIM001,ATM,70000021,4556000000000021,2026-08-25T06:43:00-05:00,I,atm_LIM001,atm_LIM001.csv,23
TXN-20260825-000023,ACC-100022,ACC-700022,PE85FINA0000000000100022,PE47FINA0000000000700022,7729.35,PEN,2026-08-25T06:44:00-05:00,LIM001,ATM,70000022,4556000000000022,2026-08-25T06:45:00-05:00,I,atm_LIM001,atm_LIM001.csv,24
TXN-20260825-000024,ACC-100023,ACC-700023,PE86FINA0000000000100023,PE48FINA0000000000700023,21286.93,PEN,2026-08-25T06:46:00-05:00,LIM001,ATM,70000023,4556000000000023,2026-08-25T06:47:00-05:00,I,atm_LIM001,atm_LIM001.csv,25
TXN-20260825-000025,ACC-100024,ACC-700024,PE87FINA0000000000100024,PE49FINA0000000000700024,12498.09,PEN,2026-08-25T06:48:00-05:00,LIM001,ATM,70000024,4556000000000024,2026-08-25T06:49:00-05:00,I,atm_LIM001,atm_LIM001.csv,26
TXN-20260825-000026,ACC-100025,ACC-700025,PE88FINA0000000000100025,PE50FINA0000000000700025,22661.76,PEN,2026-08-25T06:50:00-05:00,LIM001,ATM,70000025,4556000000000025,2026-08-25T06:51:00-05:00,I,atm_LIM001,atm_LIM001.csv,27
TXN-20260825-000027,ACC-100026,ACC-700026,PE89FINA0000000000100026,PE51FINA0000000000700026,17514.28,PEN,2026-08-25T06:52:00-05:00,LIM001,ATM,70000026,4556000000000026,2026-08-25T06:53:00-05:00,I,atm_LIM001,atm_LIM001.csv,28
TXN-20260825-000028,ACC-100027,ACC-700027,PE90FINA0000000000100027,PE52FINA0000000000700027,3606.56,PEN,2026-08-25T06:54:00-05:00,LIM001,ATM,70000027,4556000000000027,2026-08-25T06:55:00-05:00,I,atm_LIM001,atm_LIM001.csv,29
TXN-20260825-000029,ACC-100028,ACC-700028,PE91FINA0000000000100028,PE53FINA0000000000700028,18647.38,PEN,2026-08-25T06:56:00-05:00,LIM001,ATM,70000028,4556000000000028,2026-08-25T06:57:00-05:00,I,atm_LIM001,atm_LIM001.csv,30
TXN-20260825-000030,ACC-100029,ACC-700029,PE92FINA0000000000100029,PE54FINA0000000000700029,21795.0,PEN,2026-08-25T06:58:00-05:00,LIM001,ATM,70000029,4556000000000029,2026-08-25T06:59:00-05:00,I,atm_LIM001,atm_LIM001.csv,31
TXN-20260825-000031,ACC-100030,ACC-700030,PE93FINA0000000000100030,PE55FINA0000000000700030,12222.19,USD,2026-08-25T07:00:00-05:00,LIM001,ATM,70000030,4556000000000030,2026-08-25T07:01:00-05:00,I,atm_LIM001,atm_LIM001.csv,32
TXN-20260825-000032,ACC-100031,ACC-700031,PE94FINA0000000000100031,PE56FINA0000000000700031,12145.04,PEN,2026-08-25T07:02:00-05:00,LIM001,ATM,70000031,4556000000000031,2026-08-25T07:03:00-05:00,I,atm_LIM001,atm_LIM001.csv,33
TXN-20260825-000033,ACC-100032,ACC-700032,PE95FINA0000000000100032,PE57FINA0000000000700032,3163.55,PEN,2026-08-25T07:04:00-05:00,LIM001,ATM,70000032,4556000000000032,2026-08-25T07:05:00-05:00,I,atm_LIM001,atm_LIM001.csv,34
TXN-20260825-000034,ACC-100033,ACC-700033,PE96FINA0000000000100033,PE58FINA0000000000700033,4916.88,PEN,2026-08-25T07:06:00-05:00,LIM001,ATM,70000033,4556000000000033,2026-08-25T07:07:00-05:00,I,atm_LIM001,atm_LIM001.csv,35
TXN-20260825-000035,ACC-100034,ACC-700034,PE97FINA0000000000100034,PE59FINA0000000000700034,16291.12,PEN,2026-08-25T07:08:00-05:00,LIM001,ATM,70000034,4556000000000034,2026-08-25T07:09:00-05:00,I,atm_LIM001,atm_LIM001.csv,36
TXN-20260825-000036,ACC-100035,ACC-700035,PE98FINA0000000000100035,PE60FINA0000000000700035,16870.54,PEN,2026-08-25T07:10:00-05:00,LIM001,ATM,70000035,4556000000000035,2026-08-25T07:11:00-05:00,I,atm_LIM001,atm_LIM001.csv,37
TXN-20260825-000037,ACC-100036,ACC-700036,PE10FINA0000000000100036,PE61FINA0000000000700036,9123.8,PEN,2026-08-25T07:12:00-05:00,LIM001,ATM,70000036,4556000000000036,2026-08-25T07:13:00-05:00,I,atm_LIM001,atm_LIM001.csv,38
TXN-20260825-000038,ACC-100037,ACC-700037,PE11FINA0000000000100037,PE62FINA0000000000700037,5973.37,PEN,2026-08-25T07:14:00-05:00,LIM001,ATM,70000037,4556000000000037,2026-08-25T07:15:00-05:00,I,atm_LIM001,atm_LIM001.csv,39
TXN-20260825-000039,ACC-100038,ACC-700038,PE12FINA0000000000100038,PE63FINA0000000000700038,17738.88,PEN,2026-08-25T07:16:00-05:00,LIM001,ATM,70000038,4556000000000038,2026-08-25T07:17:00-05:00,I,atm_LIM001,atm_LIM001.csv,40
TXN-20260825-000040,ACC-100039,ACC-700039,PE13FINA0000000000100039,PE64FINA0000000000700039,24409.5,PEN,2026-08-25T07:18:00-05:00,LIM001,ATM,70000039,4556000000000039,2026-08-25T07:19:00-05:00,I,atm_LIM001,atm_LIM001.csv,41
TXN-20260825-000041,ACC-100040,ACC-700040,PE14FINA0000000000100040,PE65FINA0000000000700040,23274.57,USD,2026-08-25T07:20:00-05:00,LIM001,ATM,70000040,4556000000000040,2026-08-25T07:21:00-05:00,I,atm_LIM001,atm_LIM001.csv,42
TXN-20260825-000042,ACC-100041,ACC-700041,PE15FINA0000000000100041,PE66FINA0000000000700041,6119.1,PEN,2026-08-25T07:22:00-05:00,LIM001,ATM,70000041,4556000000000041,2026-08-25T07:23:00-05:00,I,atm_LIM001,atm_LIM001.csv,43
TXN-20260825-000043,ACC-100042,ACC-700042,PE16FINA0000000000100042,PE67FINA0000000000700042,441.11,PEN,2026-08-25T07:24:00-05:00,LIM001,ATM,70000042,4556000000000042,2026-08-25T07:25:00-05:00,I,atm_LIM001,atm_LIM001.csv,44
TXN-20260825-000044,ACC-100043,ACC-700043,PE17FINA0000000000100043,PE68FINA0000000000700043,5542.15,PEN,2026-08-25T07:26:00-05:00,LIM001,ATM,70000043,4556000000000043,2026-08-25T07:27:00-05:00,I,atm_LIM001,atm_LIM001.csv,45
TXN-20260825-000045,ACC-100044,ACC-700044,PE18FINA0000000000100044,PE69FINA0000000000700044,10359.13,PEN,2026-08-25T07:28:00-05:00,LIM001,ATM,70000044,4556000000000044,2026-08-25T07:29:00-05:00,I,atm_LIM001,atm_LIM001.csv,46
TXN-20260825-000046,ACC-100045,ACC-700045,PE19FINA0000000000100045,PE70FINA0000000000700045,18662.88,PEN,2026-08-25T07:30:00-05:00,LIM001,ATM,70000045,4556000000000045,2026-08-25T07:31:00-05:00,I,atm_LIM001,atm_LIM001.csv,47
TXN-20260825-000047,ACC-100046,ACC-700046,PE20FINA0000000000100046,PE71FINA0000000000700046,24406.08,PEN,2026-08-25T07:32:00-05:00,LIM001,ATM,70000046,4556000000000046,2026-08-25T07:33:00-05:00,I,atm_LIM001,atm_LIM001.csv,48
TXN-20260825-000048,ACC-100047,ACC-700047,PE21FINA0000000000100047,PE72FINA0000000000700047,7515.88,PEN,2026-08-25T07:34:00-05:00,LIM001,ATM,70000047,4556000000000047,2026-08-25T07:35:00-05:00,I,atm_LIM001,atm_LIM001.csv,49
TXN-20260825-000049,ACC-100048,ACC-700048,PE22FINA0000000000100048,PE73FINA0000000000700048,5574.17,PEN,2026-08-25T07:36:00-05:00,LIM001,ATM,70000048,4556000000000048,2026-08-25T07:37:00-05:00,I,atm_LIM001,atm_LIM001.csv,50
TXN-20260825-000050,ACC-100049,ACC-700049,PE23FINA0000000000100049,PE74FINA0000000000700049,10451.71,PEN,2026-08-25T07:38:00-05:00,LIM001,ATM,70000049,4556000000000049,2026-08-25T07:39:00-05:00,I,atm_LIM001,atm_LIM001.csv,51
TXN-20260825-000051,ACC-100050,ACC-700050,PE24FINA0000000000100050,PE75FINA0000000000700050,5959.21,USD,2026-08-25T07:40:00-05:00,LIM001,ATM,70000050,4556000000000050,2026-08-25T07:41:00-05:00,I,atm_LIM001,atm_LIM001.csv,52
TXN-20260825-000052,ACC-100051,ACC-700051,PE25FINA0000000000100051,PE76FINA0000000000700051,10305.78,PEN,2026-08-25T07:42:00-05:00,LIM001,ATM,70000051,4556000000000051,2026-08-25T07:43:00-05:00,I,atm_LIM001,atm_LIM001.csv,53
TXN-20260825-000053,ACC-100052,ACC-700052,PE26FINA0000000000100052,PE77FINA0000000000700052,10897.25,PEN,2026-08-25T07:44:00-05:00,LIM001,ATM,70000052,4556000000000052,2026-08-25T07:45:00-05:00,I,atm_LIM001,atm_LIM001.csv,54
TXN-20260825-000054,ACC-100053,ACC-700053,PE27FINA0000000000100053,PE78FINA0000000000700053,14766.86,PEN,2026-08-25T07:46:00-05:00,LIM001,ATM,70000053,4556000000000053,2026-08-25T07:47:00-05:00,I,atm_LIM001,atm_LIM001.csv,55
TXN-20260825-000055,ACC-100054,ACC-700054,PE28FINA0000000000100054,PE79FINA0000000000700054,7250.34,PEN,2026-08-25T07:48:00-05:00,LIM001,ATM,70000054,4556000000000054,2026-08-25T07:49:00-05:00,I,atm_LIM001,atm_LIM001.csv,56
TXN-20260825-000056,ACC-100055,ACC-700055,PE29FINA0000000000100055,PE80FINA0000000000700055,15554.65,PEN,2026-08-25T07:50:00-05:00,LIM001,ATM,70000055,4556000000000055,2026-08-25T07:51:00-05:00,I,atm_LIM001,atm_LIM001.csv,57
TXN-20260825-000057,ACC-100056,ACC-700056,PE30FINA0000000000100056,PE81FINA0000000000700056,14038.58,PEN,2026-08-25T07:52:00-05:00,LIM001,ATM,70000056,4556000000000056,2026-08-25T07:53:00-05:00,I,atm_LIM001,atm_LIM001.csv,58
TXN-20260825-000058,ACC-100057,ACC-700057,PE31FINA0000000000100057,PE82FINA0000000000700057,22424.09,PEN,2026-08-25T07:54:00-05:00,LIM001,ATM,70000057,4556000000000057,2026-08-25T07:55:00-05:00,I,atm_LIM001,atm_LIM001.csv,59
TXN-20260825-000059,ACC-100058,ACC-700058,PE32FINA0000000000100058,PE83FINA0000000000700058,22232.2,PEN,2026-08-25T07:56:00-05:00,LIM001,ATM,70000058,4556000000000058,2026-08-25T07:57:00-05:00,I,atm_LIM001,atm_LIM001.csv,60
TXN-20260825-000060,ACC-100059,ACC-700059,PE33FINA0000000000100059,PE84FINA0000000000700059,10431.5,PEN,2026-08-25T07:58:00-05:00,LIM001,ATM,70000059,4556000000000059,2026-08-25T07:59:00-05:00,I,atm_LIM001,atm_LIM001.csv,61
TXN-20260825-000061,ACC-100060,ACC-700060,PE34FINA0000000000100060,PE85FINA0000000000700060,17305.67,USD,2026-08-25T08:00:00-05:00,LIM001,ATM,70000060,4556000000000060,2026-08-25T08:01:00-05:00,I,atm_LIM001,atm_LIM001.csv,62
TXN-20260825-000062,ACC-100061,ACC-700061,PE35FINA0000000000100061,PE86FINA0000000000700061,15022.72,PEN,2026-08-25T08:02:00-05:00,LIM001,ATM,70000061,4556000000000061,2026-08-25T08:03:00-05:00,I,atm_LIM001,atm_LIM001.csv,63
TXN-20260825-000063,ACC-100062,ACC-700062,PE36FINA0000000000100062,PE87FINA0000000000700062,19783.88,PEN,2026-08-25T08:04:00-05:00,LIM001,ATM,70000062,4556000000000062,2026-08-25T08:05:00-05:00,I,atm_LIM001,atm_LIM001.csv,64
TXN-20260825-000064,ACC-100063,ACC-700063,PE37FINA0000000000100063,PE88FINA0000000000700063,23993.79,PEN,2026-08-25T08:06:00-05:00,LIM001,ATM,70000063,4556000000000063,2026-08-25T08:07:00-05:00,I,atm_LIM001,atm_LIM001.csv,65
TXN-20260825-000065,ACC-100064,ACC-700064,PE38FINA0000000000100064,PE89FINA0000000000700064,18932.11,PEN,2026-08-25T08:08:00-05:00,LIM001,ATM,70000064,4556000000000064,2026-08-25T08:09:00-05:00,I,atm_LIM001,atm_LIM001.csv,66
TXN-20260825-000066,ACC-100065,ACC-700065,PE39FINA0000000000100065,PE90FINA0000000000700065,910.56,PEN,2026-08-25T08:10:00-05:00,LIM001,ATM,70000065,4556000000000065,2026-08-25T08:11:00-05:00,I,atm_LIM001,atm_LIM001.csv,67
TXN-20260825-000067,ACC-100066,ACC-700066,PE40FINA0000000000100066,PE91FINA0000000000700066,13269.43,PEN,2026-08-25T08:12:00-05:00,LIM001,ATM,70000066,4556000000000066,2026-08-25T08:13:00-05:00,I,atm_LIM001,atm_LIM001.csv,68
TXN-20260825-000068,ACC-100067,ACC-700067,PE41FINA0000000000100067,PE92FINA0000000000700067,8807.29,PEN,2026-08-25T08:14:00-05:00,LIM001,ATM,70000067,4556000000000067,2026-08-25T08:15:00-05:00,I,atm_LIM001,atm_LIM001.csv,69
TXN-20260825-000069,ACC-100068,ACC-700068,PE42FINA0000000000100068,PE93FINA0000000000700068,16903.67,PEN,2026-08-25T08:16:00-05:00,LIM001,ATM,70000068,4556000000000068,2026-08-25T08:17:00-05:00,I,atm_LIM001,atm_LIM001.csv,70
TXN-20260825-000070,ACC-100069,ACC-700069,PE43FINA0000000000100069,PE94FINA0000000000700069,15489.25,PEN,2026-08-25T08:18:00-05:00,LIM001,ATM,70000069,4556000000000069,2026-08-25T08:19:00-05:00,I,atm_LIM001,atm_LIM001.csv,71
TXN-20260825-000071,ACC-100070,ACC-700070,PE44FINA0000000000100070,PE95FINA0000000000700070,8489.45,USD,2026-08-25T08:20:00-05:00,LIM001,ATM,70000070,4556000000000070,2026-08-25T08:21:00-05:00,I,atm_LIM001,atm_LIM001.csv,72
TXN-20260825-000072,ACC-100071,ACC-700071,PE45FINA0000000000100071,PE96FINA0000000000700071,15850.44,PEN,2026-08-25T08:22:00-05:00,LIM001,ATM,70000071,4556000000000071,2026-08-25T08:23:00-05:00,I,atm_LIM001,atm_LIM001.csv,73
TXN-20260825-000073,ACC-100072,ACC-700072,PE46FINA0000000000100072,PE97FINA0000000000700072,7335.68,PEN,2026-08-25T08:24:00-05:00,LIM001,ATM,70000072,4556000000000072,2026-08-25T08:25:00-05:00,I,atm_LIM001,atm_LIM001.csv,74
TXN-20260825-000074,ACC-100073,ACC-700073,PE47FINA0000000000100073,PE98FINA0000000000700073,11723.96,PEN,2026-08-25T08:26:00-05:00,LIM001,ATM,70000073,4556000000000073,2026-08-25T08:27:00-05:00,I,atm_LIM001,atm_LIM001.csv,75
TXN-20260825-000075,ACC-100074,ACC-700074,PE48FINA0000000000100074,PE10FINA0000000000700074,9549.27,PEN,2026-08-25T08:28:00-05:00,LIM001,ATM,70000074,4556000000000074,2026-08-25T08:29:00-05:00,I,atm_LIM001,atm_LIM001.csv,76
TXN-20260825-000076,ACC-100075,ACC-700075,PE49FINA0000000000100075,PE11FINA0000000000700075,22986.39,PEN,2026-08-25T08:30:00-05:00,LIM001,ATM,70000075,4556000000000075,2026-08-25T08:31:00-05:00,I,atm_LIM001,atm_LIM001.csv,77
TXN-20260825-000077,ACC-100076,ACC-700076,PE50FINA0000000000100076,PE12FINA0000000000700076,8560.46,PEN,2026-08-25T08:32:00-05:00,LIM001,ATM,70000076,4556000000000076,2026-08-25T08:33:00-05:00,I,atm_LIM001,atm_LIM001.csv,78
TXN-20260825-000078,ACC-100077,ACC-700077,PE51FINA0000000000100077,PE13FINA0000000000700077,5449.84,PEN,2026-08-25T08:34:00-05:00,LIM001,ATM,70000077,4556000000000077,2026-08-25T08:35:00-05:00,I,atm_LIM001,atm_LIM001.csv,79
TXN-20260825-000079,ACC-100078,ACC-700078,PE52FINA0000000000100078,PE14FINA0000000000700078,24019.47,PEN,2026-08-25T08:36:00-05:00,LIM001,ATM,70000078,4556000000000078,2026-08-25T08:37:00-05:00,I,atm_LIM001,atm_LIM001.csv,80
TXN-20260825-000080,ACC-100079,ACC-700079,PE53FINA0000000000100079,PE15FINA0000000000700079,12496.45,PEN,2026-08-25T08:38:00-05:00,LIM001,ATM,70000079,4556000000000079,2026-08-25T08:39:00-05:00,I,atm_LIM001,atm_LIM001.csv,81
TXN-20260825-000161,ACC-100160,ACC-700160,PE45FINA0000000000100160,PE96FINA0000000000700160,13238.46,USD,2026-08-25T11:20:00-05:00,TRU001,ATM,70000160,4556000000000160,2026-08-25T11:21:00-05:00,I,atm_TRU001,atm_TRU001.csv,2
TXN-20260825-000162,ACC-100161,ACC-700161,PE46FINA0000000000100161,PE97FINA0000000000700161,6318.26,PEN,2026-08-25T11:22:00-05:00,TRU001,ATM,70000161,4556000000000161,2026-08-25T11:23:00-05:00,I,atm_TRU001,atm_TRU001.csv,3
TXN-20260825-000163,ACC-100162,ACC-700162,PE47FINA0000000000100162,PE98FINA0000000000700162,5467.47,PEN,2026-08-25T11:24:00-05:00,TRU001,ATM,70000162,4556000000000162,2026-08-25T11:25:00-05:00,I,atm_TRU001,atm_TRU001.csv,4
TXN-20260825-000164,ACC-100163,ACC-700163,PE48FINA0000000000100163,PE10FINA0000000000700163,2845.94,PEN,2026-08-25T11:26:00-05:00,TRU001,ATM,70000163,4556000000000163,2026-08-25T11:27:00-05:00,I,atm_TRU001,atm_TRU001.csv,5
TXN-20260825-000165,ACC-100164,ACC-700164,PE49FINA0000000000100164,PE11FINA0000000000700164,18005.14,PEN,2026-08-25T11:28:00-05:00,TRU001,ATM,70000164,4556000000000164,2026-08-25T11:29:00-05:00,I,atm_TRU001,atm_TRU001.csv,6
TXN-20260825-000166,ACC-100165,ACC-700165,PE50FINA0000000000100165,PE12FINA0000000000700165,20403.1,PEN,2026-08-25T11:30:00-05:00,TRU001,ATM,70000165,4556000000000165,2026-08-25T11:31:00-05:00,I,atm_TRU001,atm_TRU001.csv,7
TXN-20260825-000167,ACC-100166,ACC-700166,PE51FINA0000000000100166,PE13FINA0000000000700166,575.32,PEN,2026-08-25T11:32:00-05:00,TRU001,ATM,70000166,4556000000000166,2026-08-25T11:33:00-05:00,I,atm_TRU001,atm_TRU001.csv,8
TXN-20260825-000168,ACC-100167,ACC-700167,PE52FINA0000000000100167,PE14FINA0000000000700167,1066.8,PEN,2026-08-25T11:34:00-05:00,TRU001,ATM,70000167,4556000000000167,2026-08-25T11:35:00-05:00,I,atm_TRU001,atm_TRU001.csv,9
TXN-20260825-000169,ACC-100168,ACC-700168,PE53FINA0000000000100168,PE15FINA0000000000700168,7933.03,PEN,2026-08-25T11:36:00-05:00,TRU001,ATM,70000168,4556000000000168,2026-08-25T11:37:00-05:00,I,atm_TRU001,atm_TRU001.csv,10
TXN-20260825-000170,ACC-100169,ACC-700169,PE54FINA0000000000100169,PE16FINA0000000000700169,4825.22,PEN,2026-08-25T11:38:00-05:00,TRU001,ATM,70000169,4556000000000169,2026-08-25T11:39:00-05:00,I,atm_TRU001,atm_TRU001.csv,11
TXN-20260825-000171,ACC-100170,ACC-700170,PE55FINA0000000000100170,PE17FINA0000000000700170,3499.96,USD,2026-08-25T11:40:00-05:00,TRU001,ATM,70000170,4556000000000170,2026-08-25T11:41:00-05:00,I,atm_TRU001,atm_TRU001.csv,12
TXN-20260825-000172,ACC-100171,ACC-700171,PE56FINA0000000000100171,PE18FINA0000000000700171,15510.82,PEN,2026-08-25T11:42:00-05:00,TRU001,ATM,70000171,4556000000000171,2026-08-25T11:43:00-05:00,I,atm_TRU001,atm_TRU001.csv,13
TXN-20260825-000173,ACC-100172,ACC-700172,PE57FINA0000000000100172,PE19FINA0000000000700172,2341.04,PEN,2026-08-25T11:44:00-05:00,TRU001,ATM,70000172,4556000000000172,2026-08-25T11:45:00-05:00,I,atm_TRU001,atm_TRU001.csv,14
TXN-20260825-000174,ACC-100173,ACC-700173,PE58FINA0000000000100173,PE20FINA0000000000700173,884.23,PEN,2026-08-25T11:46:00-05:00,TRU001,ATM,70000173,4556000000000173,2026-08-25T11:47:00-05:00,I,atm_TRU001,atm_TRU001.csv,15
TXN-20260825-000175,ACC-100174,ACC-700174,PE59FINA0000000000100174,PE21FINA0000000000700174,21545.46,PEN,2026-08-25T11:48:00-05:00,TRU001,ATM,70000174,4556000000000174,2026-08-25T11:49:00-05:00,I,atm_TRU001,atm_TRU001.csv,16
TXN-20260825-000176,ACC-100175,ACC-700175,PE60FINA0000000000100175,PE22FINA0000000000700175,22496.94,PEN,2026-08-25T11:50:00-05:00,TRU001,ATM,70000175,4556000000000175,2026-08-25T11:51:00-05:00,I,atm_TRU001,atm_TRU001.csv,17
TXN-20260825-000177,ACC-100176,ACC-700176,PE61FINA0000000000100176,PE23FINA0000000000700176,15848.37,PEN,2026-08-25T11:52:00-05:00,TRU001,ATM,70000176,4556000000000176,2026-08-25T11:53:00-05:00,I,atm_TRU001,atm_TRU001.csv,18
TXN-20260825-000178,ACC-100177,ACC-700177,PE62FINA0000000000100177,PE24FINA0000000000700177,1480.09,PEN,2026-08-25T11:54:00-05:00,TRU001,ATM,70000177,4556000000000177,2026-08-25T11:55:00-05:00,I,atm_TRU001,atm_TRU001.csv,19
TXN-20260825-000179,ACC-100178,ACC-700178,PE63FINA0000000000100178,PE25FINA0000000000700178,4125.74,PEN,2026-08-25T11:56:00-05:00,TRU001,ATM,70000178,4556000000000178,2026-08-25T11:57:00-05:00,I,atm_TRU001,atm_TRU001.csv,20
TXN-20260825-000180,ACC-100179,ACC-700179,PE64FINA0000000000100179,PE26FINA0000000000700179,22818.13,PEN,2026-08-25T11:58:00-05:00,TRU001,ATM,70000179,4556000000000179,2026-08-25T11:59:00-05:00,I,atm_TRU001,atm_TRU001.csv,21
TXN-20260825-000181,ACC-100180,ACC-700180,PE65FINA0000000000100180,PE27FINA0000000000700180,20443.26,USD,2026-08-25T12:00:00-05:00,TRU001,ATM,70000180,4556000000000180,2026-08-25T12:01:00-05:00,I,atm_TRU001,atm_TRU001.csv,22
TXN-20260825-000182,ACC-100181,ACC-700181,PE66FINA0000000000100181,PE28FINA0000000000700181,19920.13,PEN,2026-08-25T12:02:00-05:00,TRU001,ATM,70000181,4556000000000181,2026-08-25T12:03:00-05:00,I,atm_TRU001,atm_TRU001.csv,23
TXN-20260825-000183,ACC-100182,ACC-700182,PE67FINA0000000000100182,PE29FINA0000000000700182,16226.78,PEN,2026-08-25T12:04:00-05:00,TRU001,ATM,70000182,4556000000000182,2026-08-25T12:05:00-05:00,I,atm_TRU001,atm_TRU001.csv,24
TXN-20260825-000184,ACC-100183,ACC-700183,PE68FINA0000000000100183,PE30FINA0000000000700183,21136.27,PEN,2026-08-25T12:06:00-05:00,TRU001,ATM,70000183,4556000000000183,2026-08-25T12:07:00-05:00,I,atm_TRU001,atm_TRU001.csv,25
TXN-20260825-000185,ACC-100184,ACC-700184,PE69FINA0000000000100184,PE31FINA0000000000700184,20734.53,PEN,2026-08-25T12:08:00-05:00,TRU001,ATM,70000184,4556000000000184,2026-08-25T12:09:00-05:00,I,atm_TRU001,atm_TRU001.csv,26
TXN-20260825-000186,ACC-100185,ACC-700185,PE70FINA0000000000100185,PE32FINA0000000000700185,19476.77,PEN,2026-08-25T12:10:00-05:00,TRU001,ATM,70000185,4556000000000185,2026-08-25T12:11:00-05:00,I,atm_TRU001,atm_TRU001.csv,27
TXN-20260825-000187,ACC-100186,ACC-700186,PE71FINA0000000000100186,PE33FINA0000000000700186,961.96,PEN,2026-08-25T12:12:00-05:00,TRU001,ATM,70000186,4556000000000186,2026-08-25T12:13:00-05:00,I,atm_TRU001,atm_TRU001.csv,28
TXN-20260825-000188,ACC-100187,ACC-700187,PE72FINA0000000000100187,PE34FINA0000000000700187,9098.4,PEN,2026-08-25T12:14:00-05:00,TRU001,ATM,70000187,4556000000000187,2026-08-25T12:15:00-05:00,I,atm_TRU001,atm_TRU001.csv,29
TXN-20260825-000189,ACC-100188,ACC-700188,PE73FINA0000000000100188,PE35FINA0000000000700188,11129.22,PEN,2026-08-25T12:16:00-05:00,TRU001,ATM,70000188,4556000000000188,2026-08-25T12:17:00-05:00,I,atm_TRU001,atm_TRU001.csv,30
TXN-20260825-000190,ACC-100189,ACC-700189,PE74FINA0000000000100189,PE36FINA0000000000700189,15538.9,PEN,2026-08-25T12:18:00-05:00,TRU001,ATM,70000189,4556000000000189,2026-08-25T12:19:00-05:00,I,atm_TRU001,atm_TRU001.csv,31
TXN-20260825-000191,ACC-100190,ACC-700190,PE75FINA0000000000100190,PE37FINA0000000000700190,15475.62,USD,2026-08-25T12:20:00-05:00,TRU001,ATM,70000190,4556000000000190,2026-08-25T12:21:00-05:00,I,atm_TRU001,atm_TRU001.csv,32
TXN-20260825-000192,ACC-100191,ACC-700191,PE76FINA0000000000100191,PE38FINA0000000000700191,23364.18,PEN,2026-08-25T12:22:00-05:00,TRU001,ATM,70000191,4556000000000191,2026-08-25T12:23:00-05:00,I,atm_TRU001,atm_TRU001.csv,33
TXN-20260825-000193,ACC-100192,ACC-700192,PE77FINA0000000000100192,PE39FINA0000000000700192,17482.54,PEN,2026-08-25T12:24:00-05:00,TRU001,ATM,70000192,4556000000000192,2026-08-25T12:25:00-05:00,I,atm_TRU001,atm_TRU001.csv,34
TXN-20260825-000194,ACC-100193,ACC-700193,PE78FINA0000000000100193,PE40FINA0000000000700193,22115.17,PEN,2026-08-25T12:26:00-05:00,TRU001,ATM,70000193,4556000000000193,2026-08-25T12:27:00-05:00,I,atm_TRU001,atm_TRU001.csv,35
TXN-20260825-000195,ACC-100194,ACC-700194,PE79FINA0000000000100194,PE41FINA0000000000700194,7137.05,PEN,2026-08-25T12:28:00-05:00,TRU001,ATM,70000194,4556000000000194,2026-08-25T12:29:00-05:00,I,atm_TRU001,atm_TRU001.csv,36
TXN-20260825-000196,ACC-100195,ACC-700195,PE80FINA0000000000100195,PE42FINA0000000000700195,3245.69,PEN,2026-08-25T12:30:00-05:00,TRU001,ATM,70000195,4556000000000195,2026-08-25T12:31:00-05:00,I,atm_TRU001,atm_TRU001.csv,37
TXN-20260825-000197,ACC-100196,ACC-700196,PE81FINA0000000000100196,PE43FINA0000000000700196,22682.26,PEN,2026-08-25T12:32:00-05:00,TRU001,ATM,70000196,4556000000000196,2026-08-25T12:33:00-05:00,I,atm_TRU001,atm_TRU001.csv,38
TXN-20260825-000198,ACC-100197,ACC-700197,PE82FINA0000000000100197,PE44FINA0000000000700197,20108.38,PEN,2026-08-25T12:34:00-05:00,TRU001,ATM,70000197,4556000000000197,2026-08-25T12:35:00-05:00,I,atm_TRU001,atm_TRU001.csv,39
TXN-20260825-000199,ACC-100198,ACC-700198,PE83FINA0000000000100198,PE45FINA0000000000700198,23925.74,PEN,2026-08-25T12:36:00-05:00,TRU001,ATM,70000198,4556000000000198,2026-08-25T12:37:00-05:00,I,atm_TRU001,atm_TRU001.csv,40
TXN-20260825-000200,ACC-100199,ACC-700199,PE84FINA0000000000100199,PE46FINA0000000000700199,20881.98,PEN,2026-08-25T12:38:00-05:00,TRU001,ATM,70000199,4556000000000199,2026-08-25T12:39:00-05:00,I,atm_TRU001,atm_TRU001.csv,41
TXN-20260825-000201,ACC-100200,ACC-700200,PE85FINA0000000000100200,PE47FINA0000000000700200,7624.7,USD,2026-08-25T12:40:00-05:00,TRU001,ATM,70000200,4556000000000200,2026-08-25T12:41:00-05:00,I,atm_TRU001,atm_TRU001.csv,42
TXN-20260825-000202,ACC-100201,ACC-700201,PE86FINA0000000000100201,PE48FINA0000000000700201,4434.46,PEN,2026-08-25T12:42:00-05:00,TRU001,ATM,70000201,4556000000000201,2026-08-25T12:43:00-05:00,I,atm_TRU001,atm_TRU001.csv,43
TXN-20260825-000203,ACC-100202,ACC-700202,PE87FINA0000000000100202,PE49FINA0000000000700202,11199.0,PEN,2026-08-25T12:44:00-05:00,TRU001,ATM,70000202,4556000000000202,2026-08-25T12:45:00-05:00,I,atm_TRU001,atm_TRU001.csv,44
TXN-20260825-000204,ACC-100203,ACC-700203,PE88FINA0000000000100203,PE50FINA0000000000700203,11859.05,PEN,2026-08-25T12:46:00-05:00,TRU001,ATM,70000203,4556000000000203,2026-08-25T12:47:00-05:00,I,atm_TRU001,atm_TRU001.csv,45
TXN-20260825-000205,ACC-100204,ACC-700204,PE89FINA0000000000100204,PE51FINA0000000000700204,1749.16,PEN,2026-08-25T12:48:00-05:00,TRU001,ATM,70000204,4556000000000204,2026-08-25T12:49:00-05:00,I,atm_TRU001,atm_TRU001.csv,46
TXN-20260825-000206,ACC-100205,ACC-700205,PE90FINA0000000000100205,PE52FINA0000000000700205,2520.11,PEN,2026-08-25T12:50:00-05:00,TRU001,ATM,70000205,4556000000000205,2026-08-25T12:51:00-05:00,I,atm_TRU001,atm_TRU001.csv,47
TXN-20260825-000207,ACC-100206,ACC-700206,PE91FINA0000000000100206,PE53FINA0000000000700206,21670.15,PEN,2026-08-25T12:52:00-05:00,TRU001,ATM,70000206,4556000000000206,2026-08-25T12:53:00-05:00,I,atm_TRU001,atm_TRU001.csv,48
TXN-20260825-000208,ACC-100207,ACC-700207,PE92FINA0000000000100207,PE54FINA0000000000700207,3391.5,PEN,2026-08-25T12:54:00-05:00,TRU001,ATM,70000207,4556000000000207,2026-08-25T12:55:00-05:00,I,atm_TRU001,atm_TRU001.csv,49
TXN-20260825-000209,ACC-100208,ACC-700208,PE93FINA0000000000100208,PE55FINA0000000000700208,24475.53,PEN,2026-08-25T12:56:00-05:00,TRU001,ATM,70000208,4556000000000208,2026-08-25T12:57:00-05:00,I,atm_TRU001,atm_TRU001.csv,50
TXN-20260825-000210,ACC-100209,ACC-700209,PE94FINA0000000000100209,PE56FINA0000000000700209,14424.49,PEN,2026-08-25T12:58:00-05:00,TRU001,ATM,70000209,4556000000000209,2026-08-25T12:59:00-05:00,I,atm_TRU001,atm_TRU001.csv,51
TXN-20260825-000211,ACC-100210,ACC-700210,PE95FINA0000000000100210,PE57FINA0000000000700210,8454.79,USD,2026-08-25T13:00:00-05:00,TRU001,ATM,70000210,4556000000000210,2026-08-25T13:01:00-05:00,I,atm_TRU001,atm_TRU001.csv,52
TXN-20260825-000212,ACC-100211,ACC-700211,PE96FINA0000000000100211,PE58FINA0000000000700211,3976.38,PEN,2026-08-25T13:02:00-05:00,TRU001,ATM,70000211,4556000000000211,2026-08-25T13:03:00-05:00,I,atm_TRU001,atm_TRU001.csv,53
TXN-20260825-000213,ACC-100212,ACC-700212,PE97FINA0000000000100212,PE59FINA0000000000700212,9982.12,PEN,2026-08-25T13:04:00-05:00,TRU001,ATM,70000212,4556000000000212,2026-08-25T13:05:00-05:00,I,atm_TRU001,atm_TRU001.csv,54
TXN-20260825-000214,ACC-100213,ACC-700213,PE98FINA0000000000100213,PE60FINA0000000000700213,12200.69,PEN,2026-08-25T13:06:00-05:00,TRU001,ATM,70000213,4556000000000213,2026-08-25T13:07:00-05:00,I,atm_TRU001,atm_TRU001.csv,55
TXN-20260825-000215,ACC-100214,ACC-700214,PE10FINA0000000000100214,PE61FINA0000000000700214,6113.65,PEN,2026-08-25T13:08:00-05:00,TRU001,ATM,70000214,4556000000000214,2026-08-25T13:09:00-05:00,I,atm_TRU001,atm_TRU001.csv,56
TXN-20260825-000216,ACC-100215,ACC-700215,PE11FINA0000000000100215,PE62FINA0000000000700215,20696.66,PEN,2026-08-25T13:10:00-05:00,TRU001,ATM,70000215,4556000000000215,2026-08-25T13:11:00-05:00,I,atm_TRU001,atm_TRU001.csv,57
TXN-20260825-000217,ACC-100216,ACC-700216,PE12FINA0000000000100216,PE63FINA0000000000700216,2881.23,PEN,2026-08-25T13:12:00-05:00,TRU001,ATM,70000216,4556000000000216,2026-08-25T13:13:00-05:00,I,atm_TRU001,atm_TRU001.csv,58
TXN-20260825-000218,ACC-100217,ACC-700217,PE13FINA0000000000100217,PE64FINA0000000000700217,16785.71,PEN,2026-08-25T13:14:00-05:00,TRU001,ATM,70000217,4556000000000217,2026-08-25T13:15:00-05:00,I,atm_TRU001,atm_TRU001.csv,59
TXN-20260825-000219,ACC-100218,ACC-700218,PE14FINA0000000000100218,PE65FINA0000000000700218,13379.41,PEN,2026-08-25T13:16:00-05:00,TRU001,ATM,70000218,4556000000000218,2026-08-25T13:17:00-05:00,I,atm_TRU001,atm_TRU001.csv,60
TXN-20260825-000220,ACC-100219,ACC-700219,PE15FINA0000000000100219,PE66FINA0000000000700219,8874.2,PEN,2026-08-25T13:18:00-05:00,TRU001,ATM,70000219,4556000000000219,2026-08-25T13:19:00-05:00,I,atm_TRU001,atm_TRU001.csv,61
TXN-20260825-000221,ACC-100220,ACC-700220,PE16FINA0000000000100220,PE67FINA0000000000700220,3329.2,USD,2026-08-25T13:20:00-05:00,TRU001,ATM,70000220,4556000000000220,2026-08-25T13:21:00-05:00,I,atm_TRU001,atm_TRU001.csv,62
TXN-20260825-000222,ACC-100221,ACC-700221,PE17FINA0000000000100221,PE68FINA0000000000700221,13839.47,PEN,2026-08-25T13:22:00-05:00,TRU001,ATM,70000221,4556000000000221,2026-08-25T13:23:00-05:00,I,atm_TRU001,atm_TRU001.csv,63
TXN-20260825-000223,ACC-100222,ACC-700222,PE18FINA0000000000100222,PE69FINA0000000000700222,21338.58,PEN,2026-08-25T13:24:00-05:00,TRU001,ATM,70000222,4556000000000222,2026-08-25T13:25:00-05:00,I,atm_TRU001,atm_TRU001.csv,64
TXN-20260825-000224,ACC-100223,ACC-700223,PE19FINA0000000000100223,PE70FINA0000000000700223,3516.24,PEN,2026-08-25T13:26:00-05:00,TRU001,ATM,70000223,4556000000000223,2026-08-25T13:27:00-05:00,I,atm_TRU001,atm_TRU001.csv,65
TXN-20260825-000225,ACC-100224,ACC-700224,PE20FINA0000000000100224,PE71FINA0000000000700224,15028.31,PEN,2026-08-25T13:28:00-05:00,TRU001,ATM,70000224,4556000000000224,2026-08-25T13:29:00-05:00,I,atm_TRU001,atm_TRU001.csv,66
TXN-20260825-000226,ACC-100225,ACC-700225,PE21FINA0000000000100225,PE72FINA0000000000700225,9340.36,PEN,2026-08-25T13:30:00-05:00,TRU001,ATM,70000225,4556000000000225,2026-08-25T13:31:00-05:00,I,atm_TRU001,atm_TRU001.csv,67
TXN-20260825-000227,ACC-100226,ACC-700226,PE22FINA0000000000100226,PE73FINA0000000000700226,7137.87,PEN,2026-08-25T13:32:00-05:00,TRU001,ATM,70000226,4556000000000226,2026-08-25T13:33:00-05:00,I,atm_TRU001,atm_TRU001.csv,68
TXN-20260825-000228,ACC-100227,ACC-700227,PE23FINA0000000000100227,PE74FINA0000000000700227,16020.32,PEN,2026-08-25T13:34:00-05:00,TRU001,ATM,70000227,4556000000000227,2026-08-25T13:35:00-05:00,I,atm_TRU001,atm_TRU001.csv,69
TXN-20260825-000229,ACC-100228,ACC-700228,PE24FINA0000000000100228,PE75FINA0000000000700228,149.88,PEN,2026-08-25T13:36:00-05:00,TRU001,ATM,70000228,4556000000000228,2026-08-25T13:37:00-05:00,I,atm_TRU001,atm_TRU001.csv,70
TXN-20260825-000230,ACC-100229,ACC-700229,PE25FINA0000000000100229,PE76FINA0000000000700229,6344.58,PEN,2026-08-25T13:38:00-05:00,TRU001,ATM,70000229,4556000000000229,2026-08-25T13:39:00-05:00,I,atm_TRU001,atm_TRU001.csv,71
TXN-20260825-000231,ACC-100230,ACC-700230,PE26FINA0000000000100230,PE77FINA0000000000700230,3709.42,USD,2026-08-25T13:40:00-05:00,TRU001,ATM,70000230,4556000000000230,2026-08-25T13:41:00-05:00,I,atm_TRU001,atm_TRU001.csv,72
TXN-20260825-000232,ACC-100231,ACC-700231,PE27FINA0000000000100231,PE78FINA0000000000700231,6339.9,PEN,2026-08-25T13:42:00-05:00,TRU001,ATM,70000231,4556000000000231,2026-08-25T13:43:00-05:00,I,atm_TRU001,atm_TRU001.csv,73
TXN-20260825-000233,ACC-100232,ACC-700232,PE28FINA0000000000100232,PE79FINA0000000000700232,3243.48,PEN,2026-08-25T13:44:00-05:00,TRU001,ATM,70000232,4556000000000232,2026-08-25T13:45:00-05:00,I,atm_TRU001,atm_TRU001.csv,74
TXN-20260825-000234,ACC-100233,ACC-700233,PE29FINA0000000000100233,PE80FINA0000000000700233,20356.78,PEN,2026-08-25T13:46:00-05:00,TRU001,ATM,70000233,4556000000000233,2026-08-25T13:47:00-05:00,I,atm_TRU001,atm_TRU001.csv,75
TXN-20260825-000235,ACC-100234,ACC-700234,PE30FINA0000000000100234,PE81FINA0000000000700234,18758.12,PEN,2026-08-25T13:48:00-05:00,TRU001,ATM,70000234,4556000000000234,2026-08-25T13:49:00-05:00,I,atm_TRU001,atm_TRU001.csv,76
TXN-20260825-000236,ACC-100235,ACC-700235,PE31FINA0000000000100235,PE82FINA0000000000700235,20644.89,PEN,2026-08-25T13:50:00-05:00,TRU001,ATM,70000235,4556000000000235,2026-08-25T13:51:00-05:00,I,atm_TRU001,atm_TRU001.csv,77
TXN-20260825-000237,ACC-100236,ACC-700236,PE32FINA0000000000100236,PE83FINA0000000000700236,13769.86,PEN,2026-08-25T13:52:00-05:00,TRU001,ATM,70000236,4556000000000236,2026-08-25T13:53:00-05:00,I,atm_TRU001,atm_TRU001.csv,78
TXN-20260825-000238,ACC-100237,ACC-700237,PE33FINA0000000000100237,PE84FINA0000000000700237,20438.5,PEN,2026-08-25T13:54:00-05:00,TRU001,ATM,70000237,4556000000000237,2026-08-25T13:55:00-05:00,I,atm_TRU001,atm_TRU001.csv,79
TXN-20260825-000239,ACC-100238,ACC-700238,PE34FINA0000000000100238,PE85FINA0000000000700238,24269.18,PEN,2026-08-25T13:56:00-05:00,TRU001,ATM,70000238,4556000000000238,2026-08-25T13:57:00-05:00,I,atm_TRU001,atm_TRU001.csv,80
TXN-20260825-000240,ACC-100239,ACC-700239,PE35FINA0000000000100239,PE86FINA0000000000700239,13079.37,PEN,2026-08-25T13:58:00-05:00,TRU001,ATM,70000239,4556000000000239,2026-08-25T13:59:00-05:00,I,atm_TRU001,atm_TRU001.csv,81
TXN-20260825-000241,ACC-100240,ACC-700240,PE36FINA0000000000100240,PE87FINA0000000000700240,21863.96,USD,2026-08-25T14:00:00-05:00,DIGITAL,MOBILE,70000240,4556000000000240,2026-08-25T14:01:00-05:00,I,banking_api,api_transactions.json,1
TXN-20260825-000242,ACC-100241,ACC-700241,PE37FINA0000000000100241,PE88FINA0000000000700241,14875.45,PEN,2026-08-25T14:02:00-05:00,DIGITAL,ACH,70000241,4556000000000241,2026-08-25T14:03:00-05:00,I,banking_api,api_transactions.json,2
TXN-20260825-000243,ACC-100242,ACC-700242,PE38FINA0000000000100242,PE89FINA0000000000700242,9262.72,PEN,2026-08-25T14:04:00-05:00,DIGITAL,MOBILE,70000242,4556000000000242,2026-08-25T14:05:00-05:00,I,banking_api,api_transactions.json,3
TXN-20260825-000244,ACC-100243,ACC-700243,PE39FINA0000000000100243,PE90FINA0000000000700243,20871.18,PEN,2026-08-25T14:06:00-05:00,DIGITAL,ACH,70000243,4556000000000243,2026-08-25T14:07:00-05:00,I,banking_api,api_transactions.json,4
TXN-20260825-000245,ACC-100244,ACC-700244,PE40FINA0000000000100244,PE91FINA0000000000700244,21531.6,PEN,2026-08-25T14:08:00-05:00,DIGITAL,MOBILE,70000244,4556000000000244,2026-08-25T14:09:00-05:00,I,banking_api,api_transactions.json,5
TXN-20260825-000246,ACC-100245,ACC-700245,PE41FINA0000000000100245,PE92FINA0000000000700245,1728.93,PEN,2026-08-25T14:10:00-05:00,DIGITAL,ACH,70000245,4556000000000245,2026-08-25T14:11:00-05:00,I,banking_api,api_transactions.json,6
TXN-20260825-000247,ACC-100246,ACC-700246,PE42FINA0000000000100246,PE93FINA0000000000700246,9472.84,PEN,2026-08-25T14:12:00-05:00,DIGITAL,MOBILE,70000246,4556000000000246,2026-08-25T14:13:00-05:00,I,banking_api,api_transactions.json,7
TXN-20260825-000248,ACC-100247,ACC-700247,PE43FINA0000000000100247,PE94FINA0000000000700247,21013.83,PEN,2026-08-25T14:14:00-05:00,DIGITAL,ACH,70000247,4556000000000247,2026-08-25T14:15:00-05:00,I,banking_api,api_transactions.json,8
TXN-20260825-000249,ACC-100248,ACC-700248,PE44FINA0000000000100248,PE95FINA0000000000700248,14644.39,PEN,2026-08-25T14:16:00-05:00,DIGITAL,MOBILE,70000248,4556000000000248,2026-08-25T14:17:00-05:00,I,banking_api,api_transactions.json,9
TXN-20260825-000250,ACC-100249,ACC-700249,PE45FINA0000000000100249,PE96FINA0000000000700249,11979.19,PEN,2026-08-25T14:18:00-05:00,DIGITAL,ACH,70000249,4556000000000249,2026-08-25T14:19:00-05:00,I,banking_api,api_transactions.json,10
TXN-20260825-000251,ACC-100250,ACC-700250,PE46FINA0000000000100250,PE97FINA0000000000700250,21600.16,USD,2026-08-25T14:20:00-05:00,DIGITAL,MOBILE,70000250,4556000000000250,2026-08-25T14:21:00-05:00,I,banking_api,api_transactions.json,11
TXN-20260825-000252,ACC-100251,ACC-700251,PE47FINA0000000000100251,PE98FINA0000000000700251,24646.94,PEN,2026-08-25T14:22:00-05:00,DIGITAL,ACH,70000251,4556000000000251,2026-08-25T14:23:00-05:00,I,banking_api,api_transactions.json,12
TXN-20260825-000253,ACC-100252,ACC-700252,PE48FINA0000000000100252,PE10FINA0000000000700252,5318.72,PEN,2026-08-25T14:24:00-05:00,DIGITAL,MOBILE,70000252,4556000000000252,2026-08-25T14:25:00-05:00,I,banking_api,api_transactions.json,13
TXN-20260825-000254,ACC-100253,ACC-700253,PE49FINA0000000000100253,PE11FINA0000000000700253,7915.17,PEN,2026-08-25T14:26:00-05:00,DIGITAL,ACH,70000253,4556000000000253,2026-08-25T14:27:00-05:00,I,banking_api,api_transactions.json,14
TXN-20260825-000255,ACC-100254,ACC-700254,PE50FINA0000000000100254,PE12FINA0000000000700254,10428.65,PEN,2026-08-25T14:28:00-05:00,DIGITAL,MOBILE,70000254,4556000000000254,2026-08-25T14:29:00-05:00,I,banking_api,api_transactions.json,15
TXN-20260825-000256,ACC-100255,ACC-700255,PE51FINA0000000000100255,PE13FINA0000000000700255,1087.54,PEN,2026-08-25T14:30:00-05:00,DIGITAL,ACH,70000255,4556000000000255,2026-08-25T14:31:00-05:00,I,banking_api,api_transactions.json,16
TXN-20260825-000257,ACC-100256,ACC-700256,PE52FINA0000000000100256,PE14FINA0000000000700256,3943.76,PEN,2026-08-25T14:32:00-05:00,DIGITAL,MOBILE,70000256,4556000000000256,2026-08-25T14:33:00-05:00,I,banking_api,api_transactions.json,17
TXN-20260825-000258,ACC-100257,ACC-700257,PE53FINA0000000000100257,PE15FINA0000000000700257,23860.14,PEN,2026-08-25T14:34:00-05:00,DIGITAL,ACH,70000257,4556000000000257,2026-08-25T14:35:00-05:00,I,banking_api,api_transactions.json,18
TXN-20260825-000259,ACC-100258,ACC-700258,PE54FINA0000000000100258,PE16FINA0000000000700258,12087.35,PEN,2026-08-25T14:36:00-05:00,DIGITAL,MOBILE,70000258,4556000000000258,2026-08-25T14:37:00-05:00,I,banking_api,api_transactions.json,19
TXN-20260825-000260,ACC-100259,ACC-700259,PE55FINA0000000000100259,PE17FINA0000000000700259,24808.73,PEN,2026-08-25T14:38:00-05:00,DIGITAL,ACH,70000259,4556000000000259,2026-08-25T14:39:00-05:00,I,banking_api,api_transactions.json,20
TXN-20260825-000261,ACC-100260,ACC-700260,PE56FINA0000000000100260,PE18FINA0000000000700260,11505.94,USD,2026-08-25T14:40:00-05:00,DIGITAL,MOBILE,70000260,4556000000000260,2026-08-25T14:41:00-05:00,I,banking_api,api_transactions.json,21
TXN-20260825-000262,ACC-100261,ACC-700261,PE57FINA0000000000100261,PE19FINA0000000000700261,1306.71,PEN,2026-08-25T14:42:00-05:00,DIGITAL,ACH,70000261,4556000000000261,2026-08-25T14:43:00-05:00,I,banking_api,api_transactions.json,22
TXN-20260825-000263,ACC-100262,ACC-700262,PE58FINA0000000000100262,PE20FINA0000000000700262,17931.28,PEN,2026-08-25T14:44:00-05:00,DIGITAL,MOBILE,70000262,4556000000000262,2026-08-25T14:45:00-05:00,I,banking_api,api_transactions.json,23
TXN-20260825-000264,ACC-100263,ACC-700263,PE59FINA0000000000100263,PE21FINA0000000000700263,17487.82,PEN,2026-08-25T14:46:00-05:00,DIGITAL,ACH,70000263,4556000000000263,2026-08-25T14:47:00-05:00,I,banking_api,api_transactions.json,24
TXN-20260825-000265,ACC-100264,ACC-700264,PE60FINA0000000000100264,PE22FINA0000000000700264,11284.6,PEN,2026-08-25T14:48:00-05:00,DIGITAL,MOBILE,70000264,4556000000000264,2026-08-25T14:49:00-05:00,I,banking_api,api_transactions.json,25
TXN-20260825-000266,ACC-100265,ACC-700265,PE61FINA0000000000100265,PE23FINA0000000000700265,15436.8,PEN,2026-08-25T14:50:00-05:00,DIGITAL,ACH,70000265,4556000000000265,2026-08-25T14:51:00-05:00,I,banking_api,api_transactions.json,26
TXN-20260825-000267,ACC-100266,ACC-700266,PE62FINA0000000000100266,PE24FINA0000000000700266,23421.84,PEN,2026-08-25T14:52:00-05:00,DIGITAL,MOBILE,70000266,4556000000000266,2026-08-25T14:53:00-05:00,I,banking_api,api_transactions.json,27
TXN-20260825-000268,ACC-100267,ACC-700267,PE63FINA0000000000100267,PE25FINA0000000000700267,7528.04,PEN,2026-08-25T14:54:00-05:00,DIGITAL,ACH,70000267,4556000000000267,2026-08-25T14:55:00-05:00,I,banking_api,api_transactions.json,28
TXN-20260825-000269,ACC-100268,ACC-700268,PE64FINA0000000000100268,PE26FINA0000000000700268,13515.94,PEN,2026-08-25T14:56:00-05:00,DIGITAL,MOBILE,70000268,4556000000000268,2026-08-25T14:57:00-05:00,I,banking_api,api_transactions.json,29
TXN-20260825-000270,ACC-100269,ACC-700269,PE65FINA0000000000100269,PE27FINA0000000000700269,21913.69,PEN,2026-08-25T14:58:00-05:00,DIGITAL,ACH,70000269,4556000000000269,2026-08-25T14:59:00-05:00,I,banking_api,api_transactions.json,30
TXN-20260825-000271,ACC-100270,ACC-700270,PE66FINA0000000000100270,PE28FINA0000000000700270,9657.76,USD,2026-08-25T15:00:00-05:00,DIGITAL,MOBILE,70000270,4556000000000270,2026-08-25T15:01:00-05:00,I,banking_api,api_transactions.json,31
TXN-20260825-000272,ACC-100271,ACC-700271,PE67FINA0000000000100271,PE29FINA0000000000700271,24212.33,PEN,2026-08-25T15:02:00-05:00,DIGITAL,ACH,70000271,4556000000000271,2026-08-25T15:03:00-05:00,I,banking_api,api_transactions.json,32
TXN-20260825-000273,ACC-100272,ACC-700272,PE68FINA0000000000100272,PE30FINA0000000000700272,1979.53,PEN,2026-08-25T15:04:00-05:00,DIGITAL,MOBILE,70000272,4556000000000272,2026-08-25T15:05:00-05:00,I,banking_api,api_transactions.json,33
TXN-20260825-000274,ACC-100273,ACC-700273,PE69FINA0000000000100273,PE31FINA0000000000700273,11227.07,PEN,2026-08-25T15:06:00-05:00,DIGITAL,ACH,70000273,4556000000000273,2026-08-25T15:07:00-05:00,I,banking_api,api_transactions.json,34
TXN-20260825-000275,ACC-100274,ACC-700274,PE70FINA0000000000100274,PE32FINA0000000000700274,8194.53,PEN,2026-08-25T15:08:00-05:00,DIGITAL,MOBILE,70000274,4556000000000274,2026-08-25T15:09:00-05:00,I,banking_api,api_transactions.json,35
TXN-20260825-000276,ACC-100275,ACC-700275,PE71FINA0000000000100275,PE33FINA0000000000700275,15264.27,PEN,2026-08-25T15:10:00-05:00,DIGITAL,ACH,70000275,4556000000000275,2026-08-25T15:11:00-05:00,I,banking_api,api_transactions.json,36
TXN-20260825-000277,ACC-100276,ACC-700276,PE72FINA0000000000100276,PE34FINA0000000000700276,24964.05,PEN,2026-08-25T15:12:00-05:00,DIGITAL,MOBILE,70000276,4556000000000276,2026-08-25T15:13:00-05:00,I,banking_api,api_transactions.json,37
TXN-20260825-000278,ACC-100277,ACC-700277,PE73FINA0000000000100277,PE35FINA0000000000700277,14699.08,PEN,2026-08-25T15:14:00-05:00,DIGITAL,ACH,70000277,4556000000000277,2026-08-25T15:15:00-05:00,I,banking_api,api_transactions.json,38
TXN-20260825-000279,ACC-100278,ACC-700278,PE74FINA0000000000100278,PE36FINA0000000000700278,5440.12,PEN,2026-08-25T15:16:00-05:00,DIGITAL,MOBILE,70000278,4556000000000278,2026-08-25T15:17:00-05:00,I,banking_api,api_transactions.json,39
TXN-20260825-000280,ACC-100279,ACC-700279,PE75FINA0000000000100279,PE37FINA0000000000700279,11558.15,PEN,2026-08-25T15:18:00-05:00,DIGITAL,ACH,70000279,4556000000000279,2026-08-25T15:19:00-05:00,I,banking_api,api_transactions.json,40
TXN-20260825-000281,ACC-100280,ACC-700280,PE76FINA0000000000100280,PE38FINA0000000000700280,23221.98,USD,2026-08-25T15:20:00-05:00,DIGITAL,MOBILE,70000280,4556000000000280,2026-08-25T15:21:00-05:00,I,banking_api,api_transactions.json,41
TXN-20260825-000282,ACC-100281,ACC-700281,PE77FINA0000000000100281,PE39FINA0000000000700281,24735.25,PEN,2026-08-25T15:22:00-05:00,DIGITAL,ACH,70000281,4556000000000281,2026-08-25T15:23:00-05:00,I,banking_api,api_transactions.json,42
TXN-20260825-000283,ACC-100282,ACC-700282,PE78FINA0000000000100282,PE40FINA0000000000700282,23799.4,PEN,2026-08-25T15:24:00-05:00,DIGITAL,MOBILE,70000282,4556000000000282,2026-08-25T15:25:00-05:00,I,banking_api,api_transactions.json,43
TXN-20260825-000284,ACC-100283,ACC-700283,PE79FINA0000000000100283,PE41FINA0000000000700283,7457.41,PEN,2026-08-25T15:26:00-05:00,DIGITAL,ACH,70000283,4556000000000283,2026-08-25T15:27:00-05:00,I,banking_api,api_transactions.json,44
TXN-20260825-000285,ACC-100284,ACC-700284,PE80FINA0000000000100284,PE42FINA0000000000700284,7992.17,PEN,2026-08-25T15:28:00-05:00,DIGITAL,MOBILE,70000284,4556000000000284,2026-08-25T15:29:00-05:00,I,banking_api,api_transactions.json,45
TXN-20260825-000286,ACC-100285,ACC-700285,PE81FINA0000000000100285,PE43FINA0000000000700285,10380.55,PEN,2026-08-25T15:30:00-05:00,DIGITAL,ACH,70000285,4556000000000285,2026-08-25T15:31:00-05:00,I,banking_api,api_transactions.json,46
TXN-20260825-000287,ACC-100286,ACC-700286,PE82FINA0000000000100286,PE44FINA0000000000700286,5872.35,PEN,2026-08-25T15:32:00-05:00,DIGITAL,MOBILE,70000286,4556000000000286,2026-08-25T15:33:00-05:00,I,banking_api,api_transactions.json,47
TXN-20260825-000288,ACC-100287,ACC-700287,PE83FINA0000000000100287,PE45FINA0000000000700287,8340.57,PEN,2026-08-25T15:34:00-05:00,DIGITAL,ACH,70000287,4556000000000287,2026-08-25T15:35:00-05:00,I,banking_api,api_transactions.json,48
TXN-20260825-000289,ACC-100288,ACC-700288,PE84FINA0000000000100288,PE46FINA0000000000700288,11560.6,PEN,2026-08-25T15:36:00-05:00,DIGITAL,MOBILE,70000288,4556000000000288,2026-08-25T15:37:00-05:00,I,banking_api,api_transactions.json,49
TXN-20260825-000290,ACC-100289,ACC-700289,PE85FINA0000000000100289,PE47FINA0000000000700289,17062.55,PEN,2026-08-25T15:38:00-05:00,DIGITAL,ACH,70000289,4556000000000289,2026-08-25T15:39:00-05:00,I,banking_api,api_transactions.json,50
TXN-20260825-000291,ACC-100290,ACC-700290,PE86FINA0000000000100290,PE48FINA0000000000700290,16034.54,USD,2026-08-25T15:40:00-05:00,DIGITAL,MOBILE,70000290,4556000000000290,2026-08-25T15:41:00-05:00,I,banking_api,api_transactions.json,51
TXN-20260825-000292,ACC-100291,ACC-700291,PE87FINA0000000000100291,PE49FINA0000000000700291,20801.04,PEN,2026-08-25T15:42:00-05:00,DIGITAL,ACH,70000291,4556000000000291,2026-08-25T15:43:00-05:00,I,banking_api,api_transactions.json,52
TXN-20260825-000293,ACC-100292,ACC-700292,PE88FINA0000000000100292,PE50FINA0000000000700292,18278.46,PEN,2026-08-25T15:44:00-05:00,DIGITAL,MOBILE,70000292,4556000000000292,2026-08-25T15:45:00-05:00,I,banking_api,api_transactions.json,53
TXN-20260825-000294,ACC-100293,ACC-700293,PE89FINA0000000000100293,PE51FINA0000000000700293,12805.91,PEN,2026-08-25T15:46:00-05:00,DIGITAL,ACH,70000293,4556000000000293,2026-08-25T15:47:00-05:00,I,banking_api,api_transactions.json,54
TXN-20260825-000295,ACC-100294,ACC-700294,PE90FINA0000000000100294,PE52FINA0000000000700294,16688.27,PEN,2026-08-25T15:48:00-05:00,DIGITAL,MOBILE,70000294,4556000000000294,2026-08-25T15:49:00-05:00,I,banking_api,api_transactions.json,55
TXN-20260825-000296,ACC-100295,ACC-700295,PE91FINA0000000000100295,PE53FINA0000000000700295,17337.89,PEN,2026-08-25T15:50:00-05:00,DIGITAL,ACH,70000295,4556000000000295,2026-08-25T15:51:00-05:00,I,banking_api,api_transactions.json,56
TXN-20260825-000297,ACC-100296,ACC-700296,PE92FINA0000000000100296,PE54FINA0000000000700296,16339.54,PEN,2026-08-25T15:52:00-05:00,DIGITAL,MOBILE,70000296,4556000000000296,2026-08-25T15:53:00-05:00,I,banking_api,api_transactions.json,57
TXN-20260825-000298,ACC-100297,ACC-700297,PE93FINA0000000000100297,PE55FINA0000000000700297,23899.55,PEN,2026-08-25T15:54:00-05:00,DIGITAL,ACH,70000297,4556000000000297,2026-08-25T15:55:00-05:00,I,banking_api,api_transactions.json,58
TXN-20260825-000299,ACC-100298,ACC-700298,PE94FINA0000000000100298,PE56FINA0000000000700298,14667.94,PEN,2026-08-25T15:56:00-05:00,DIGITAL,MOBILE,70000298,4556000000000298,2026-08-25T15:57:00-05:00,I,banking_api,api_transactions.json,59
TXN-20260825-000300,ACC-100299,ACC-700299,PE95FINA0000000000100299,PE57FINA0000000000700299,8252.14,PEN,2026-08-25T15:58:00-05:00,DIGITAL,ACH,70000299,4556000000000299,2026-08-25T15:59:00-05:00,I,banking_api,api_transactions.json,60
