transaction_id,account_from,account_to,iban_from,iban_to,amount,currency,transaction_ts,branch_id,channel,customer_document,card_number,updated_at,cdc_operation
TXN-20260825-000001,ACC-100000,ACC-700000,PE63FINA0000000000100000,PE25FINA0000000000700000,18814.23,USD,2026-08-25T06:00:00-05:00,LIM001,ATM,70000000,4556000000000000,2026-08-25T06:01:00-05:00,I
TXN-20260825-000002,ACC-100001,ACC-700001,PE64FINA0000000000100001,PE26FINA0000000000700001,12500.73,PEN,2026-08-25T06:02:00-05:00,LIM001,ATM,70000001,4556000000000001,2026-08-25T06:03:00-05:00,I
TXN-20260825-000003,ACC-100002,ACC-700002,PE65FINA0000000000100002,PE27FINA0000000000700002,10743.76,PEN,2026-08-25T06:04:00-05:00,LIM001,ATM,70000002,4556000000000002,2026-08-25T06:05:00-05:00,I
TXN-20260825-000004,ACC-100003,ACC-700003,PE66FINA0000000000100003,PE28FINA0000000000700003,11246.33,PEN,2026-08-25T06:06:00-05:00,LIM001,ATM,70000003,4556000000000003,2026-08-25T06:07:00-05:00,I
TXN-20260825-000005,ACC-100004,ACC-700004,PE67FINA0000000000100004,PE29FINA0000000000700004,934.24,PEN,2026-08-25T06:08:00-05:00,LIM001,ATM,70000004,4556000000000004,2026-08-25T06:09:00-05:00,I
TXN-20260825-000006,ACC-100005,ACC-700005,PE68FINA0000000000100005,PE30FINA0000000000700005,2849.46,PEN,2026-08-25T06:10:00-05:00,LIM001,ATM,70000005,4556000000000005,2026-08-25T06:11:00-05:00,I
TXN-20260825-000007,ACC-100006,ACC-700006,PE69FINA0000000000100006,PE31FINA0000000000700006,19297.74,PEN,2026-08-25T06:12:00-05:00,LIM001,ATM,70000006,4556000000000006,2026-08-25T06:13:00-05:00,I
TXN-20260825-000008,ACC-100007,ACC-700007,PE70FINA0000000000100007,PE32FINA0000000000700007,22769.92,PEN,2026-08-25T06:14:00-05:00,LIM001,ATM,70000007,4556000000000007,2026-08-25T06:15:00-05:00,I
TXN-20260825-000009,ACC-100008,ACC-700008,PE71FINA0000000000100008,PE33FINA0000000000700008,22256.84,PEN,2026-08-25T06:16:00-05:00,LIM001,ATM,70000008,4556000000000008,2026-08-25T06:17:00-05:00,I
TXN-20260825-000010,ACC-100009,ACC-700009,PE72FINA0000000000100009,PE34FINA0000000000700009,3993.7,PEN,2026-08-25T06:18:00-05:00,LIM001,ATM,70000009,4556000000000009,2026-08-25T06:19:00-05:00,I
TXN-20260825-000011,ACC-100010,ACC-700010,PE73FINA0000000000100010,PE35FINA0000000000700010,23932.75,USD,2026-08-25T06:20:00-05:00,LIM001,ATM,70000010,4556000000000010,2026-08-25T06:21:00-05:00,I
TXN-20260825-000012,ACC-100011,ACC-700011,PE74FINA0000000000100011,PE36FINA0000000000700011,3538.88,PEN,2026-08-25T06:22:00-05:00,LIM001,ATM,70000011,4556000000000011,2026-08-25T06:23:00-05:00,I
TXN-20260825-000013,ACC-100012,ACC-700012,PE75FINA0000000000100012,PE37FINA0000000000700012,12101.04,PEN,2026-08-25T06:24:00-05:00,LIM001,ATM,70000012,4556000000000012,2026-08-25T06:25:00-05:00,I
TXN-20260825-000014,ACC-100013,ACC-700013,PE76FINA0000000000100013,PE38FINA0000000000700013,11365.57,PEN,2026-08-25T06:26:00-05:00,LIM001,ATM,70000013,4556000000000013,2026-08-25T06:27:00-05:00,I
TXN-20260825-000015,ACC-100014,ACC-700014,PE77FINA0000000000100014,PE39FINA0000000000700014,15703.14,PEN,2026-08-25T06:28:00-05:00,LIM001,ATM,70000014,4556000000000014,2026-08-25T06:29:00-05:00,I
TXN-20260825-000016,ACC-100015,ACC-700015,PE78FINA0000000000100015,PE40FINA0000000000700015,6314.86,PEN,2026-08-25T06:30:00-05:00,LIM001,ATM,70000015,4556000000000015,2026-08-25T06:31:00-05:00,I
TXN-20260825-000017,ACC-100016,ACC-700016,PE79FINA0000000000100016,PE41FINA0000000000700016,16388.79,PEN,2026-08-25T06:32:00-05:00,LIM001,ATM,70000016,4556000000000016,2026-08-25T06:33:00-05:00,I
TXN-20260825-000018,ACC-100017,ACC-700017,PE80FINA0000000000100017,PE42FINA0000000000700017,19233.73,PEN,2026-08-25T06:34:00-05:00,LIM001,ATM,70000017,4556000000000017,2026-08-25T06:35:00-05:00,I
TXN-20260825-000019,ACC-100018,ACC-700018,PE81FINA0000000000100018,PE43FINA0000000000700018,19403.24,PEN,2026-08-25T06:36:00-05:00,LIM001,ATM,70000018,4556000000000018,2026-08-25T06:37:00-05:00,I
TXN-20260825-000020,ACC-100019,ACC-700019,PE82FINA0000000000100019,PE44FINA0000000000700019,5264.49,PEN,2026-08-25T06:38:00-05:00,LIM001,ATM,70000019,4556000000000019,2026-08-25T06:39:00-05:00,I
TXN-20260825-000021,ACC-100020,ACC-700020,PE83FINA0000000000100020,PE45FINA0000000000700020,8732.36,USD,2026-08-25T06:40:00-05:00,LIM001,ATM,70000020,4556000000000020,2026-08-25T06:41:00-05:00,I
TXN-20260825-000022,ACC-100021,ACC-700021,PE84FINA0000000000100021,PE46FINA0000000000700021,9016.08,PEN,2026-08-25T06:42:00-05:00,LIM001,ATM,70000021,4556000000000021,2026-08-25T06:43:00-05:00,I
TXN-20260825-000023,ACC-100022,ACC-700022,PE85FINA0000000000100022,PE47FINA0000000000700022,7729.35,PEN,2026-08-25T06:44:00-05:00,LIM001,ATM,70000022,4556000000000022,2026-08-25T06:45:00-05:00,I
TXN-20260825-000024,ACC-100023,ACC-700023,PE86FINA0000000000100023,PE48FINA0000000000700023,21286.93,PEN,2026-08-25T06:46:00-05:00,LIM001,ATM,70000023,4556000000000023,2026-08-25T06:47:00-05:00,I
TXN-20260825-000025,ACC-100024,ACC-700024,PE87FINA0000000000100024,PE49FINA0000000000700024,12498.09,PEN,2026-08-25T06:48:00-05:00,LIM001,ATM,70000024,4556000000000024,2026-08-25T06:49:00-05:00,I
TXN-20260825-000026,ACC-100025,ACC-700025,PE88FINA0000000000100025,PE50FINA0000000000700025,22661.76,PEN,2026-08-25T06:50:00-05:00,LIM001,ATM,70000025,4556000000000025,2026-08-25T06:51:00-05:00,I
TXN-20260825-000027,ACC-100026,ACC-700026,PE89FINA0000000000100026,PE51FINA0000000000700026,17514.28,PEN,2026-08-25T06:52:00-05:00,LIM001,ATM,70000026,4556000000000026,2026-08-25T06:53:00-05:00,I
TXN-20260825-000028,ACC-100027,ACC-700027,PE90FINA0000000000100027,PE52FINA0000000000700027,3606.56,PEN,2026-08-25T06:54:00-05:00,LIM001,ATM,70000027,4556000000000027,2026-08-25T06:55:00-05:00,I
TXN-20260825-000029,ACC-100028,ACC-700028,PE91FINA0000000000100028,PE53FINA0000000000700028,18647.38,PEN,2026-08-25T06:56:00-05:00,LIM001,ATM,70000028,4556000000000028,2026-08-25T06:57:00-05:00,I
TXN-20260825-000030,ACC-100029,ACC-700029,PE92FINA0000000000100029,PE54FINA0000000000700029,21795.0,PEN,2026-08-25T06:58:00-05:00,LIM001,ATM,70000029,4556000000000029,2026-08-25T06:59:00-05:00,I
TXN-20260825-000031,ACC-100030,ACC-700030,PE93FINA0000000000100030,PE55FINA0000000000700030,12222.19,USD,2026-08-25T07:00:00-05:00,LIM001,ATM,70000030,4556000000000030,2026-08-25T07:01:00-05:00,I
TXN-20260825-000032,ACC-100031,ACC-700031,PE94FINA0000000000100031,PE56FINA0000000000700031,12145.04,PEN,2026-08-25T07:02:00-05:00,LIM001,ATM,70000031,4556000000000031,2026-08-25T07:03:00-05:00,I
TXN-20260825-000033,ACC-100032,ACC-700032,PE95FINA0000000000100032,PE57FINA0000000000700032,3163.55,PEN,2026-08-25T07:04:00-05:00,LIM001,ATM,70000032,4556000000000032,2026-08-25T07:05:00-05:00,I
TXN-20260825-000034,ACC-100033,ACC-700033,PE96FINA0000000000100033,PE58FINA0000000000700033,4916.88,PEN,2026-08-25T07:06:00-05:00,LIM001,ATM,70000033,4556000000000033,2026-08-25T07:07:00-05:00,I
TXN-20260825-000035,ACC-100034,ACC-700034,PE97FINA0000000000100034,PE59FINA0000000000700034,16291.12,PEN,2026-08-25T07:08:00-05:00,LIM001,ATM,70000034,4556000000000034,2026-08-25T07:09:00-05:00,I
TXN-20260825-000036,ACC-100035,ACC-700035,PE98FINA0000000000100035,PE60FINA0000000000700035,16870.54,PEN,2026-08-25T07:10:00-05:00,LIM001,ATM,70000035,4556000000000035,2026-08-25T07:11:00-05:00,I
TXN-20260825-000037,ACC-100036,ACC-700036,PE10FINA0000000000100036,PE61FINA0000000000700036,9123.8,PEN,2026-08-25T07:12:00-05:00,LIM001,ATM,70000036,4556000000000036,2026-08-25T07:13:00-05:00,I
TXN-20260825-000038,ACC-100037,ACC-700037,PE11FINA0000000000100037,PE62FINA0000000000700037,5973.37,PEN,2026-08-25T07:14:00-05:00,LIM001,ATM,70000037,4556000000000037,2026-08-25T07:15:00-05:00,I
TXN-20260825-000039,ACC-100038,ACC-700038,PE12FINA0000000000100038,PE63FINA0000000000700038,17738.88,PEN,2026-08-25T07:16:00-05:00,LIM001,ATM,70000038,4556000000000038,2026-08-25T07:17:00-05:00,I
TXN-20260825-000040,ACC-100039,ACC-700039,PE13FINA0000000000100039,PE64FINA0000000000700039,24409.5,PEN,2026-08-25T07:18:00-05:00,LIM001,ATM,70000039,4556000000000039,2026-08-25T07:19:00-05:00,I
TXN-20260825-000041,ACC-100040,ACC-700040,PE14FINA0000000000100040,PE65FINA0000000000700040,23274.57,USD,2026-08-25T07:20:00-05:00,LIM001,ATM,70000040,4556000000000040,2026-08-25T07:21:00-05:00,I
TXN-20260825-000042,ACC-100041,ACC-700041,PE15FINA0000000000100041,PE66FINA0000000000700041,6119.1,PEN,2026-08-25T07:22:00-05:00,LIM001,ATM,70000041,4556000000000041,2026-08-25T07:23:00-05:00,I
TXN-20260825-000043,ACC-100042,ACC-700042,PE16FINA0000000000100042,PE67FINA0000000000700042,441.11,PEN,2026-08-25T07:24:00-05:00,LIM001,ATM,70000042,4556000000000042,2026-08-25T07:25:00-05:00,I
TXN-20260825-000044,ACC-100043,ACC-700043,PE17FINA0000000000100043,PE68FINA0000000000700043,5542.15,PEN,2026-08-25T07:26:00-05:00,LIM001,ATM,70000043,4556000000000043,2026-08-25T07:27:00-05:00,I
TXN-20260825-000045,ACC-100044,ACC-700044,PE18FINA0000000000100044,PE69FINA0000000000700044,10359.13,PEN,2026-08-25T07:28:00-05:00,LIM001,ATM,70000044,4556000000000044,2026-08-25T07:29:00-05:00,I
TXN-20260825-000046,ACC-100045,ACC-700045,PE19FINA0000000000100045,PE70FINA0000000000700045,18662.88,PEN,2026-08-25T07:30:00-05:00,LIM001,ATM,70000045,4556000000000045,2026-08-25T07:31:00-05:00,I
TXN-20260825-000047,ACC-100046,ACC-700046,PE20FINA0000000000100046,PE71FINA0000000000700046,24406.08,PEN,2026-08-25T07:32:00-05:00,LIM001,ATM,70000046,4556000000000046,2026-08-25T07:33:00-05:00,I
TXN-20260825-000048,ACC-100047,ACC-700047,PE21FINA0000000000100047,PE72FINA0000000000700047,7515.88,PEN,2026-08-25T07:34:00-05:00,LIM001,ATM,70000047,4556000000000047,2026-08-25T07:35:00-05:00,I
TXN-20260825-000049,ACC-100048,ACC-700048,PE22FINA0000000000100048,PE73FINA0000000000700048,5574.17,PEN,2026-08-25T07:36:00-05:00,LIM001,ATM,70000048,4556000000000048,2026-08-25T07:37:00-05:00,I
TXN-20260825-000050,ACC-100049,ACC-700049,PE23FINA0000000000100049,PE74FINA0000000000700049,10451.71,PEN,2026-08-25T07:38:00-05:00,LIM001,ATM,70000049,4556000000000049,2026-08-25T07:39:00-05:00,I
TXN-20260825-000051,ACC-100050,ACC-700050,PE24FINA0000000000100050,PE75FINA0000000000700050,5959.21,USD,2026-08-25T07:40:00-05:00,LIM001,ATM,70000050,4556000000000050,2026-08-25T07:41:00-05:00,I
TXN-20260825-000052,ACC-100051,ACC-700051,PE25FINA0000000000100051,PE76FINA0000000000700051,10305.78,PEN,2026-08-25T07:42:00-05:00,LIM001,ATM,70000051,4556000000000051,2026-08-25T07:43:00-05:00,I
TXN-20260825-000053,ACC-100052,ACC-700052,PE26FINA0000000000100052,PE77FINA0000000000700052,10897.25,PEN,2026-08-25T07:44:00-05:00,LIM001,ATM,70000052,4556000000000052,2026-08-25T07:45:00-05:00,I
TXN-20260825-000054,ACC-100053,ACC-700053,PE27FINA0000000000100053,PE78FINA0000000000700053,14766.86,PEN,2026-08-25T07:46:00-05:00,LIM001,ATM,70000053,4556000000000053,2026-08-25T07:47:00-05:00,I
TXN-20260825-000055,ACC-100054,ACC-700054,PE28FINA0000000000100054,PE79FINA0000000000700054,7250.34,PEN,2026-08-25T07:48:00-05:00,LIM001,ATM,70000054,4556000000000054,2026-08-25T07:49:00-05:00,I
TXN-20260825-000056,ACC-100055,ACC-700055,PE29FINA0000000000100055,PE80FINA0000000000700055,15554.65,PEN,2026-08-25T07:50:00-05:00,LIM001,ATM,70000055,4556000000000055,2026-08-25T07:51:00-05:00,I
TXN-20260825-000057,ACC-100056,ACC-700056,PE30FINA0000000000100056,PE81FINA0000000000700056,14038.58,PEN,2026-08-25T07:52:00-05:00,LIM001,ATM,70000056,4556000000000056,2026-08-25T07:53:00-05:00,I
TXN-20260825-000058,ACC-100057,ACC-700057,PE31FINA0000000000100057,PE82FINA0000000000700057,22424.09,PEN,2026-08-25T07:54:00-05:00,LIM001,ATM,70000057,4556000000000057,2026-08-25T07:55:00-05:00,I
TXN-20260825-000059,ACC-100058,ACC-700058,PE32FINA0000000000100058,PE83FINA0000000000700058,22232.2,PEN,2026-08-25T07:56:00-05:00,LIM001,ATM,70000058,4556000000000058,2026-08-25T07:57:00-05:00,I
TXN-20260825-000060,ACC-100059,ACC-700059,PE33FINA0000000000100059,PE84FINA0000000000700059,10431.5,PEN,2026-08-25T07:58:00-05:00,LIM001,ATM,70000059,4556000000000059,2026-08-25T07:59:00-05:00,I
TXN-20260825-000061,ACC-100060,ACC-700060,PE34FINA0000000000100060,PE85FINA0000000000700060,17305.67,USD,2026-08-25T08:00:00-05:00,LIM001,ATM,70000060,4556000000000060,2026-08-25T08:01:00-05:00,I
TXN-20260825-000062,ACC-100061,ACC-700061,PE35FINA0000000000100061,PE86FINA0000000000700061,15022.72,PEN,2026-08-25T08:02:00-05:00,LIM001,ATM,70000061,4556000000000061,2026-08-25T08:03:00-05:00,I
TXN-20260825-000063,ACC-100062,ACC-700062,PE36FINA0000000000100062,PE87FINA0000000000700062,19783.88,PEN,2026-08-25T08:04:00-05:00,LIM001,ATM,70000062,4556000000000062,2026-08-25T08:05:00-05:00,I
TXN-20260825-000064,ACC-100063,ACC-700063,PE37FINA0000000000100063,PE88FINA0000000000700063,23993.79,PEN,2026-08-25T08:06:00-05:00,LIM001,ATM,70000063,4556000000000063,2026-08-25T08:07:00-05:00,I
TXN-20260825-000065,ACC-100064,ACC-700064,PE38FINA0000000000100064,PE89FINA0000000000700064,18932.11,PEN,2026-08-25T08:08:00-05:00,LIM001,ATM,70000064,4556000000000064,2026-08-25T08:09:00-05:00,I
TXN-20260825-000066,ACC-100065,ACC-700065,PE39FINA0000000000100065,PE90FINA0000000000700065,910.56,PEN,2026-08-25T08:10:00-05:00,LIM001,ATM,70000065,4556000000000065,2026-08-25T08:11:00-05:00,I
TXN-20260825-000067,ACC-100066,ACC-700066,PE40FINA0000000000100066,PE91FINA0000000000700066,13269.43,PEN,2026-08-25T08:12:00-05:00,LIM001,ATM,70000066,4556000000000066,2026-08-25T08:13:00-05:00,I
TXN-20260825-000068,ACC-100067,ACC-700067,PE41FINA0000000000100067,PE92FINA0000000000700067,8807.29,PEN,2026-08-25T08:14:00-05:00,LIM001,ATM,70000067,4556000000000067,2026-08-25T08:15:00-05:00,I
TXN-20260825-000069,ACC-100068,ACC-700068,PE42FINA0000000000100068,PE93FINA0000000000700068,16903.67,PEN,2026-08-25T08:16:00-05:00,LIM001,ATM,70000068,4556000000000068,2026-08-25T08:17:00-05:00,I
TXN-20260825-000070,ACC-100069,ACC-700069,PE43FINA0000000000100069,PE94FINA0000000000700069,15489.25,PEN,2026-08-25T08:18:00-05:00,LIM001,ATM,70000069,4556000000000069,2026-08-25T08:19:00-05:00,I
TXN-20260825-000071,ACC-100070,ACC-700070,PE44FINA0000000000100070,PE95FINA0000000000700070,8489.45,USD,2026-08-25T08:20:00-05:00,LIM001,ATM,70000070,4556000000000070,2026-08-25T08:21:00-05:00,I
TXN-20260825-000072,ACC-100071,ACC-700071,PE45FINA0000000000100071,PE96FINA0000000000700071,15850.44,PEN,2026-08-25T08:22:00-05:00,LIM001,ATM,70000071,4556000000000071,2026-08-25T08:23:00-05:00,I
TXN-20260825-000073,ACC-100072,ACC-700072,PE46FINA0000000000100072,PE97FINA0000000000700072,7335.68,PEN,2026-08-25T08:24:00-05:00,LIM001,ATM,70000072,4556000000000072,2026-08-25T08:25:00-05:00,I
TXN-20260825-000074,ACC-100073,ACC-700073,PE47FINA0000000000100073,PE98FINA0000000000700073,11723.96,PEN,2026-08-25T08:26:00-05:00,LIM001,ATM,70000073,4556000000000073,2026-08-25T08:27:00-05:00,I
TXN-20260825-000075,ACC-100074,ACC-700074,PE48FINA0000000000100074,PE10FINA0000000000700074,9549.27,PEN,2026-08-25T08:28:00-05:00,LIM001,ATM,70000074,4556000000000074,2026-08-25T08:29:00-05:00,I
TXN-20260825-000076,ACC-100075,ACC-700075,PE49FINA0000000000100075,PE11FINA0000000000700075,22986.39,PEN,2026-08-25T08:30:00-05:00,LIM001,ATM,70000075,4556000000000075,2026-08-25T08:31:00-05:00,I
TXN-20260825-000077,ACC-100076,ACC-700076,PE50FINA0000000000100076,PE12FINA0000000000700076,8560.46,PEN,2026-08-25T08:32:00-05:00,LIM001,ATM,70000076,4556000000000076,2026-08-25T08:33:00-05:00,I
TXN-20260825-000078,ACC-100077,ACC-700077,PE51FINA0000000000100077,PE13FINA0000000000700077,5449.84,PEN,2026-08-25T08:34:00-05:00,LIM001,ATM,70000077,4556000000000077,2026-08-25T08:35:00-05:00,I
TXN-20260825-000079,ACC-100078,ACC-700078,PE52FINA0000000000100078,PE14FINA0000000000700078,24019.47,PEN,2026-08-25T08:36:00-05:00,LIM001,ATM,70000078,4556000000000078,2026-08-25T08:37:00-05:00,I
TXN-20260825-000080,ACC-100079,ACC-700079,PE53FINA0000000000100079,PE15FINA0000000000700079,12496.45,PEN,2026-08-25T08:38:00-05:00,LIM001,ATM,70000079,4556000000000079,2026-08-25T08:39:00-05:00,I
